omim_id	entrez_id
100100	1131
100300	57514
100800	2261
101000	4771
101200	2263
101400	2263
101400	7291
101600	2260
101600	2263
101800	5573
101900	488
102200	9049
102370	2200
102500	4853
102530	83893
102700	100
102900	5313
103050	158
103285	8626
103500	4286
103580	2778
103780	125
103780	126
103780	2555
103780	3356
103780	50833
103900	1584
104100	2697
104200	1285
104290	477
104300	3077
104300	351
104300	4353
104300	4846
104300	5328
104310	348
104500	10117
104510	1747
104530	3914
105120	2934
105150	1471
105200	2243
105200	335
105200	4069
105200	567
105210	7276
105250	9180
105400	1639
105400	4744
105400	5630
105400	6647
105500	54822
105550	203228
105600	9493
105650	6223
105830	6638
105830	7337
106100	710
106100	710
106190	3709
106210	5080
106210	7490
106260	8626
106300	3106
106600	4487
107250	5309
107480	6299
107600	9790
107970	7043
108010	3569
108010	3845
108120	7169
108145	63895
108300	1280
108420	4438
108500	773
108600	6843
108720	2317
108721	2317
108770	2702
108900	1482
108985	7003
109150	4287
109400	5727
109730	4851
109800	2261
109800	3265
109800	3845
109800	5925
110100	668
110450	358
110500	6521
110700	2532
110800	2651
110900	3792
111000	6563
111150	10661
111200	4059
111250	3386
111300	2993
111380	682
111400	53947
111400	8706
111600	10058
111620	114625
111740	2994
111750	114625
112010	6521
112050	6521
112100	43
112240	5034
112250	4507
112310	2317
112410	5139
112500	3549
112600	650
112600	658
112600	8200
113000	4920
113100	8200
113200	3239
113300	3239
113500	59341
113620	7020
113650	2138
113650	6495
113750	283652
113800	3848
113900	6331
113970	4609
114000	1277
114290	6662
114300	63895
114480	11200
114480	207
114480	2099
114480	3161
114480	3845
114480	472
114480	4835
114480	5002
114480	5245
114480	5290
114480	580
114480	5888
114480	672
114480	675
114480	7157
114480	7517
114480	79728
114480	83990
114480	841
114480	8438
114480	8493
114480	9821
114480	999
114500	10395
114500	11200
114500	1499
114500	1630
114500	201163
114500	2033
114500	207
114500	2261
114500	25788
114500	27030
114500	324
114500	4163
114500	4893
114500	5157
114500	5290
114500	5320
114500	5782
114500	5795
114500	581
114500	595
114500	6714
114500	673
114500	6790
114500	699
114500	701
114500	7097
114500	7157
114500	8313
114550	1499
114550	324
114550	3482
114550	4233
114550	5157
114550	5290
114550	7157
114550	8312
114550	841
115000	6262
115150	673
115195	7139
115196	7168
115197	4607
115200	4000
115210	7137
115300	53630
115310	6390
115430	7276
115700	1421
115900	1412
116100	1427
116200	2703
116300	7431
116400	7466
116600	1969
116700	2651
116800	3299
116860	889
116920	3689
117000	6261
117210	146227
117300	9445
117360	3708
117550	64324
117650	6628
117800	85320
118100	392255
118200	4359
118210	23095
118220	5376
118300	5376
118400	6452
118450	182
118600	56172
118700	7080
118800	25953
119300	3664
119500	3664
119580	999
119600	860
119800	5307
119900	3248
120080	5243
120100	114548
120200	5080
120330	5076
120430	5080
120433	10413
120435	4436
120435	5378
120790	710
120970	1406
121050	2201
121200	3785
121201	3786
121300	1371
121800	29914
121820	7045
121850	200576
121900	7045
122000	58495
122100	3859
122200	7045
122400	1308
122470	25836
122600	6911
122700	1548
122700	1559
122700	79001
122860	50964
122880	5077
123000	56172
123100	7291
123150	2260
123150	2263
123320	859
123400	3119
123400	5621
123500	2263
123570	341640
123700	2006
123790	2263
124000	617
124200	488
124480	526
124500	2706
124900	1729
125250	4976
125310	4854
125350	5745
125370	1822
125400	64094
125420	1834
125490	1834
125500	1834
125595	3861
125630	30817
125700	551
125800	359
125850	3172
125851	2645
125852	3630
125853	10644
125853	169026
125853	208
125853	2645
125853	2820
125853	3159
125853	3172
125853	3569
125853	3651
125853	3667
125853	3767
125853	3990
125853	4544
125853	4760
125853	5078
125853	5167
125853	5468
125853	5506
125853	56729
125853	5770
125853	6514
125853	6833
125853	6927
125853	6928
125853	6934
125853	7466
125853	8660
125853	9479
126200	3119
126200	3123
126200	5133
126550	166929
126600	2202
126700	3075
127000	63901
127300	6473
127400	103
127500	23328
127550	26277
127550	7012
127550	7015
127700	161582
127750	2629
127750	6620
127750	6622
128100	1861
128101	10382
128200	112476
128230	2643
128235	478
129200	56916
129400	8626
129490	10913
129490	128178
129500	10804
129600	2200
130000	1289
130010	1290
130050	1281
130060	1277
130070	11285
130080	715
130600	6708
130650	1028
130650	105259599
130650	10984
130650	3481
130650	3784
130720	4854
130900	286077
131100	4221
131300	7040
131440	5159
131705	1294
131750	1294
131760	3852
131760	3861
131800	3861
131850	1294
131900	3861
131950	5339
131960	3852
132000	1294
132400	1311
132450	1280
132600	1499
132700	1540
132800	7046
132900	4629
133020	6335
133100	10019
133100	2057
133100	3717
133180	2065
133190	6785
133200	2707
133239	11178
133239	1630
133239	51741
133239	6049
133239	7048
133540	2074
133700	2131
133701	2132
133780	4041
133780	8322
134600	2628
134610	4210
135100	90
135150	201163
135290	324
135300	6654
135400	23461
135500	3756
135700	55605
135750	64327
135900	57492
136000	56916
136120	3931
136140	10847
136520	5080
136550	111365204
136570	2464
136630	57609
136680	7490
136760	257
136800	1296
136880	5959
136880	5961
136880	6010
136880	6017
136900	7078
137200	3094
137215	999
137245	8915
137440	5621
137550	3265
137550	4893
137580	114798
137580	3067
137600	5308
137750	4653
137760	10133
137800	2064
137800	3417
137800	7157
137920	6928
137940	54345
138000	11146
138500	153201
138800	23405
138900	9429
139090	23218
139210	4089
139300	1588
139393	5376
140000	3209
140300	1493
140350	3242
140600	4148
140700	3039
140700	3040
140700	3043
141200	1286
141500	773
141749	3043
141749	3047
141749	3048
142330	6927
142623	5979
142669	55325
142680	7132
142690	23385
142900	6910
142945	6469
142946	7050
143095	9469
143100	3064
143200	1462
143400	9096
143465	1815
143465	1816
143470	1071
143500	54658
143860	771
143870	55811
143880	1591
143890	10842
143890	2053
143890	2690
143890	336
143890	3949
144010	338
144200	3848
144200	3857
144250	4023
144650	116519
144700	11236
144700	201163
144700	4968
144700	55193
144700	6927
144700	6928
144700	7428
144750	4041
144755	23516
145000	79577
145001	79577
145250	4254
145350	6533
145420	23384
145500	118
145500	1577
145500	183
145500	185
145500	1889
145500	2784
145500	481
145500	4846
145500	5740
145500	8490
145600	6261
145650	7068
145680	7276
145750	116519
145900	1959
145900	4359
145900	5376
145900	57716
145980	846
145981	2767
146000	2261
146110	10011
146110	1848
146110	2796
146110	2798
146110	285025
146110	389549
146110	55717
146110	558
146110	81848
146110	8822
146110	9723
146200	5741
146255	2625
146300	249
146500	27235
146510	2737
146520	1041
146550	120766137
146590	3848
146600	3858
146700	2312
146750	151516
146800	3849
147050	2206
147050	3566
147050	50615
147050	7941
147060	6774
147250	6469
147430	85446
147480	5205
147630	389692
147750	57167
147891	9496
147920	7403
147920	8085
147950	2260
148000	3569
148050	29123
148190	5080
148200	114548
148210	2706
148300	30813
148350	2706
148370	1508
148500	79651
148600	79719
148700	1828
148820	5077
149200	2706
149400	10243
149400	2741
149700	3321
149730	2263
150250	2317
150400	80326
150550	9948
150600	1280
150800	2271
151050	9791
151100	5781
151210	1280
151600	5333
151623	7157
151660	4000
152700	11277
152700	1493
152700	1773
152700	2212
152700	2213
152700	26191
152950	3832
153100	2324
153400	2303
153550	6208
153600	4615
153670	2811
153700	7439
153800	24
153870	3617
154020	486
154400	10262
154500	6949
154700	2200
154780	1301
154800	3815
155100	4627
155240	5979
155255	1499
155255	23432
155255	51684
155255	675
155255	8518
155255	8643
155310	72
155500	5290
155600	673
155600	6794
155601	1029
155755	1029
155950	5604
156200	55777
156240	7490
156240	8915
156250	5781
156400	5745
156500	1300
156510	860
156530	59341
156550	1280
156610	203068
157170	6496
157300	1909
157300	2099
157300	7124
157600	1630
157640	5428
157800	6885
158000	3887
158000	3889
158000	3892
158300	4626
158310	6720
158320	4292
158320	4436
158330	54361
158350	5728
158580	60482
158590	26353
158600	1778
158810	1291
158810	1292
158810	1293
158900	2483
158901	23347
159550	219285
159900	8910
159950	427
160120	3736
160150	1785
160150	64419
160500	4625
160565	6786
160800	1180
160900	1760
160980	5573
161000	3861
161050	8323
161200	4010
161400	3060
161800	58
162000	7369
162091	4771
162091	6598
162100	10801
162200	4763
162210	4763
162300	5979
162350	80331
162400	10558
162500	5376
162800	1991
162830	1441
162900	2261
162900	3265
162900	4893
162900	5290
163000	2776
163200	3265
163200	3845
163200	4893
163500	5158
163800	10021
163950	5604
163950	5781
163950	673
164200	2697
164210	10992
164230	3356
164230	6532
164280	4613
164300	8106
164310	29967
164400	6310
164500	6314
164745	2535
165300	80207
165500	4976
165510	6742
165550	5080
165720	2487
165800	176
166200	1277
166210	1277
166210	1278
166220	1277
166220	1278
166250	2260
166260	203859
166300	9935
166350	2778
166600	1186
166700	23592
166710	1277
166710	1278
166710	799
166710	8572
166760	144568
166780	2138
166900	6521
167000	1499
167000	2064
167000	207
167000	4978
167000	5071
167000	5290
167000	999
167030	10861
167100	6578
167200	3868
167210	3872
167250	8878
167320	7415
167400	6335
167800	1080
167800	11330
167800	5644
167800	5645
167800	6690
167870	1312
168000	6392
168300	6329
168400	59341
168500	4488
168550	4488
168600	126
168600	2629
168600	2747
168600	4137
168600	4576
168600	4929
168600	6311
168600	6315
168600	6908
168600	9627
168601	6622
168605	1639
169100	7021
169150	5961
169400	3930
169500	4001
169600	27032
170100	5184
170390	3759
170400	6329
170400	779
170500	6329
170650	1075
171200	5726
171300	4149
171300	55654
171300	5979
171300	6390
171300	6392
171300	7428
171400	5979
172700	4137
172700	5663
172800	3815
172870	23418
173100	2688
173200	79092
173600	201163
173650	55612
173900	5310
174000	4582
174050	5589
174200	2737
174300	83479
174400	2735
174500	64327
174700	2737
174800	2778
174810	8792
174900	4089
174900	657
175050	4089
175100	324
175100	324
175200	6794
175510	5156
175700	2737
175780	1282
175800	10654
175900	4598
176000	3145
176100	3077
176100	7389
176200	3077
176200	5498
176270	100033413
176270	10108
176270	145624
176270	23742
176270	338433
176270	3653
176270	54551
176270	7681
176270	791114
176270	8924
176305	3209
176400	84634
176410	3973
176430	701
176450	3110
176500	9445
176670	4000
176807	11200
176807	1316
176807	367
176807	4601
176807	463
176807	5728
176807	675
176807	8379
176807	999
176860	5624
176920	207
177000	2235
177170	1311
177200	6338
177650	4016
177735	4306
177820	2811
177850	368
177900	3107
178110	4621
178300	79776
178500	6440
178500	7015
178500	727897
178500	729238
178600	659
179300	4091
179620	977
179800	6521
179850	3852
180000	1282
180100	6101
180104	6100
180105	3614
180200	5925
180295	23405
180300	26191
180300	3586
180300	4261
180300	4795
180300	51744
180300	6583
180500	5308
180550	5308
180700	1855
180700	7474
180750	7291
180800	4359
180800	5376
180849	1387
180849	2033
180860	105259599
180860	3481
180920	2255
181000	3123
181030	5324
181270	284252
181350	4000
181400	1674
181405	59341
181450	6926
181500	1116
181500	1312
181500	1814
181500	23780
181500	267012
181500	27184
181500	3356
181500	4524
181500	65078
181500	6854
181500	80832
181600	56916
182000	5290
182170	3313
182212	6497
182230	8820
182250	64135
182280	5925
182290	10743
182410	51816
182600	51062
182601	6683
182900	286
182940	57216
182940	6347
182940	6862
182940	80199
182940	81839
182980	9217
183086	773
183090	6311
183600	1749
183900	1280
184095	59341
184250	1280
184252	59341
184255	1280
184255	2335
184260	9321
184450	23431
184460	9241
184500	3872
184840	1302
184900	2200
185000	6005
185020	6521
185070	6786
185300	2776
185500	2006
185800	9241
186000	3239
186100	2697
186200	64327
186300	3239
186500	9241
186550	5307
186570	9241
186580	64127
187300	2022
187500	1482
187500	182
187500	23414
187500	2626
187500	2627
187500	6899
187600	2261
187601	2261
187800	3674
187900	8328
187950	10019
187950	7066
187950	811
188000	22852
188050	2147
188050	2162
188050	3026
188050	4524
188055	2153
188400	6899
188470	3265
188470	4893
188470	57522
188470	9562
188550	7080
188570	7068
188580	779
188740	64327
188890	1137
188890	1548
188890	6531
188890	9568
189500	4487
189800	4846
190300	1814
190320	1747
190330	2250
190350	7227
190351	7227
190440	2260
190605	64327
190685	2623
190900	611
191100	7248
191480	51702
191800	1136
191830	8516
191900	114548
192315	11277
192430	54487
192430	6899
192430	8214
192430	8220
192430	9993
192500	3784
192500	3784
192600	4624
192600	4625
192600	85366
192600	859
192605	2771
192950	3236
193003	2259
193100	8074
193220	7439
193230	3769
193235	726
193300	595
193300	7428
193400	7450
193500	5077
193510	4286
193520	4763
193530	132884
193530	2121
193670	7852
193700	4621
193900	3851
194050	2006
194050	51085
194070	2239
194070	2719
194070	283120
194070	3481
194070	675
194070	7490
194071	105259599
194072	5080
194072	7490
194080	7490
194190	10815
194190	1487
194190	3954
194190	53834
194190	7467
194190	7468
194200	51422
194300	121391
194380	9780
200100	4547
200110	117581
200150	23230
200500	64327
200600	9321
200610	1280
200700	8200
200950	53
200990	374654
201000	51715
201100	55630
201250	8200
201300	54463
201300	547
201300	6335
201300	65125
201400	9095
201450	34
201470	35
201475	37
201710	6770
201750	5447
201810	3284
201910	1589
202010	1584
202110	1586
202200	4158
202300	7157
202370	5830
202400	2243
202400	2244
202400	2266
202650	5396
202700	1991
203100	7299
203200	4157
203200	4948
203290	7306
203300	3257
203400	1585
203450	2670
203500	3081
203650	197
203655	55806
203700	5428
203740	4967
203750	38
203780	1285
203780	1286
203800	7840
204000	3000
204100	6121
204200	1201
204300	54982
204500	1200
204650	10117
204690	54757
204700	9622
204750	55526
204870	4070
205100	57679
205400	19
205950	54977
206100	4891
206200	164656
206500	55521
206700	3708
206800	343637
206900	4990
206900	6657
206920	64093
207410	2263
207410	5447
207750	344
207800	383
207900	435
208000	5167
208050	81031
208085	26276
208100	57222
208150	4593
208230	8838
208250	10216
208400	175
208530	2657
208540	27031
208550	30009
208550	5732
208900	472
208920	54840
209300	7018
209500	55806
209850	6638
209880	8929
209885	117581
209900	582
209900	79140
209900	84100
209920	4261
209920	5993
209920	5994
209920	8625
209950	3459
210000	4976
210100	64902
210200	56922
210210	64087
210250	64241
210370	285440
210600	545
210710	100151683
210720	5116
210750	123041
210900	641
211180	10436
211380	1009
211400	1080
211400	6338
211500	113278
211530	113278
211600	5205
211750	10225
211800	4907
211900	2591
211980	1326
211980	1548
211980	1956
211980	2064
211980	2074
211980	356
211980	3659
211980	3845
211980	5002
211980	5071
211980	5290
211980	5519
211980	673
211980	841
212050	64170
212065	5373
212066	4247
212070	1369
212093	5337
212112	4000
212138	788
212140	6584
212350	55750
212500	221496
212550	4990
212720	25782
212750	3117
212750	3119
212780	4038
212840	54476
213000	55074
213200	23203
213300	56623
213600	5155
213600	5159
213600	6575
213700	1593
213980	54499
214100	5189
214110	5830
214150	2074
214300	4222
214350	54101
214400	54332
214450	4644
214500	1130
214700	1811
214800	55636
214950	23600
215045	5745
215100	5191
215140	3930
215150	1302
215300	2131
215470	10908
215500	3000
215600	3875
215700	445
216100	157570
216340	9896
216360	91147
216400	1161
216550	157680
216820	6297
216900	1261
217000	717
217080	26504
217085	51057
217090	5340
217095	137814
217095	1482
217095	2627
217095	6899
217300	11081
217400	83959
217700	83959
217800	4166
218000	9990
218030	3291
218040	3265
218330	55764
218340	113246
218400	2697
218600	9401
218700	7849
218800	54658
219000	80144
219050	3640
219080	2778
219090	9049
219090	9101
219100	10516
219150	5832
219200	23545
219500	1491
219700	1080
219700	2212
219700	7040
219730	286204
219750	1497
219800	1497
219900	1497
220100	11136
220100	6519
220110	4570
220110	4574
220110	6834
220111	10128
220120	132158
220150	116085
220210	9897
220290	10804
220290	2706
220290	2707
220400	3784
220500	57465
220600	1749
221200	84189
221750	8022
221770	7305
221820	1436
221900	220202
222100	26191
222100	3569
222100	3710
222100	6927
222300	7466
222448	4036
222470	9652
222600	1836
222700	9056
222730	6505
222748	1807
222765	8443
222800	669
222900	6476
223000	3938
223100	4175
223360	1621
223800	54808
223900	8518
224050	7436
224100	10483
224120	146059
224230	55505
224230	55651
224410	3339
224500	3208
224690	4998
224750	80326
224900	10913
224900	128178
225060	5818
225100	54507
225200	54507
225250	1482
225280	1001
225300	7480
225320	1278
225400	5351
225410	9509
225500	132884
225500	2121
225750	11277
225753	283989
225790	55640
226200	5651
226300	1604
226400	11322
226600	1294
226600	4312
226650	3914
226670	5339
226700	3909
226700	3914
226700	3918
226730	3691
226730	5339
226750	79641
226900	1836
226960	100151683
226980	9451
226990	3394
227220	4948
227220	8924
227240	51151
227260	117581
227300	3998
227400	2153
227500	2155
227600	2159
227645	2176
227646	2177
227650	2175
227810	6514
228000	427
228300	3972
228520	1301
228550	5159
228600	118429
228900	8200
228930	7476
228960	3827
228980	5322
229050	113235
229070	2488
229100	10841
229200	84627
229300	2395
229600	229
229700	2203
229800	3795
230000	2517
230200	2584
230350	2582
230400	2592
230450	2729
230500	2720
230600	2720
230650	2720
230740	84168
230800	2629
230900	2629
231000	2629
231005	2629
231050	9719
231070	92344
231090	199713
231095	6916
231200	2811
231200	2812
231200	2815
231300	1545
231530	3033
231550	8086
231670	2639
231680	2108
231680	2109
231680	2110
231690	79783
231900	2937
231950	2678
232200	2538
232220	2542
232240	2542
232300	2548
232400	178
232500	2632
232600	5837
232700	5836
232800	5213
233100	6524
233300	2492
233400	3295
233420	50846
233600	10525
233650	5896
233650	5897
233690	1535
233700	653361
233710	4688
233910	2643
234000	2161
234050	136647
234200	80025
234500	340024
234580	5189
234810	440275
235200	3077
235200	650
235400	10878
235400	3075
235400	3078
235510	147372
235550	3431
235555	6718
235700	3098
235730	9839
235800	3034
236000	200942
236200	875
236250	4524
236270	4552
236500	55165
236600	440193
236670	10585
236670	2218
236670	29954
236670	79147
236670	9215
236680	219844
236690	80217
236700	8195
236730	60495
236792	79944
236800	8942
237300	1373
237310	162417
237450	10599
237450	28234
237500	1244
237900	54658
238320	3973
238600	4023
238700	10157
238970	10166
239000	4982
239200	846
239300	55650
239500	5625
239510	8659
239850	10060
240300	326
240500	115650
240500	1380
240500	23495
240500	29851
240500	930
240600	2998
240800	6833
240900	208
241080	80067
241200	3758
241410	6905
241500	249
241510	249
241520	1758
241530	142680
241600	567
241800	6608
241850	2304
242100	242
242100	59344
242150	162
242300	7051
242500	26154
242600	153201
242840	57724
242860	1789
242900	50485
243000	6335
243060	6795
243150	57217
243180	2065
243300	5205
243310	60
243400	10
243500	3712
243605	1063
243700	81704
243800	197131
244200	128674
244400	27019
244450	89910
244460	6905
245000	1075
245010	1075
245050	5019
245150	4256
245200	2581
245300	5621
245340	6566
245348	1737
245349	8050
245400	8802
245450	197257
245480	1053
245570	2903
245590	6777
245600	26229
245600	9469
245660	3909
245800	10908
245900	3931
246200	3643
246300	7097
246450	3155
246650	64788
246700	51128
246900	1738
247100	1893
247420	4059
248000	51256
248190	149461
248200	24
248250	10686
248300	57152
248340	10584
248360	23417
248370	4000
248390	9533
248450	158326
248500	4125
248510	4126
248600	1629
248600	593
248600	594
248700	63895
248800	64374
248900	51324
249000	54903
249100	4210
249210	4638
249270	10560
249400	4893
249420	285590
249500	8492
249700	6473
249900	5660
250100	410
250220	2879
250250	6023
250400	4322
250410	10283
250460	6023
250620	26275
250790	1528
250800	1727
250850	4143
250940	4548
250950	549
251000	4594
251100	166785
251110	326625
251120	84693
251200	79648
251230	29980
251255	5932
251260	4683
251270	85378
251280	51294
251290	100506658
251300	84942
251450	124583
251750	4053
251850	4645
251880	1716
251900	112812
251950	50640
252010	4724
252011	6389
252150	4337
252160	4338
252270	219285
252500	79158
252600	79158
252605	84572
252650	57192
252900	6448
252920	4669
252930	138050
252940	2799
253000	2588
253010	2720
253200	411
253220	2990
253250	4591
253260	686
253270	3141
253280	55624
253290	1134
253290	1144
253290	1146
253300	6606
253310	2733
253400	6606
253400	6607
253550	6606
253600	825
253601	8291
253700	6445
253800	2218
254090	1291
254090	1292
254090	1293
254110	22954
254130	8291
254210	1103
254300	285489
254450	10019
254450	3717
254450	4352
254450	811
254500	3981
254500	595
254600	4353
254770	114327
254780	378884
254780	7957
254800	1476
254900	950
254940	389827
255100	80308
255110	1376
255120	1374
255125	23479
255160	4625
255200	274
255310	7170
255320	6261
255600	1292
255700	1180
255800	3339
255960	5573
255995	246329
256020	4010
256030	4703
256040	5696
256050	1836
256100	4867
256300	4868
256370	7490
256450	6833
256500	11005
256520	26227
256540	5476
256550	4758
256600	8398
256700	23095
256730	5538
256731	1203
256800	4914
256810	4358
256840	22948
256850	8139
257200	6609
257220	4864
257270	2916
257300	701
257320	5649
257400	6091
257850	2697
257920	5648
257980	80326
258100	6295
258150	10388
258315	10082
258450	5428
258480	3636
258501	80207
258660	2811
258860	26123
258870	4942
258900	7372
259050	26137
259100	3248
259420	1277
259420	1278
259440	5479
259450	60681
259500	11200
259500	5925
259500	7157
259600	4313
259700	10312
259710	8600
259720	28962
259730	760
259770	4041
259775	56975
259900	189
260000	9380
260005	26873
260300	25793
260350	3845
260350	4089
260350	6794
260350	7157
260370	3651
260400	134218
260400	51119
260400	6729
260500	7157
260540	4137
260565	9326
260570	1053
260600	9255
260660	6913
260800	51181
260920	4598
261000	2694
261100	8029
261500	8288
261515	3295
261540	145173
261550	268
261550	269
261600	5053
261630	5860
261640	5805
261650	5106
261670	5224
261680	5105
261740	51422
261750	5257
261990	341208
262000	617
262190	3643
262300	54714
262400	2688
262500	2690
262600	5626
262650	2688
262700	89884
262850	5345
262890	196527
263200	5314
263210	79796
263300	3717
263400	7428
263520	4750
263570	2632
263650	54101
263700	7390
263750	1723
263800	6559
264070	5092
264080	5241
264090	11128
264300	3293
264350	6337
264470	51
264600	6716
264700	1594
264800	368
264800	64131
264800	64132
265000	1146
265050	78989
265100	10568
265120	6439
265380	2294
265400	79572
265450	659
265800	1513
265900	6424
266100	501
266120	51251
266130	2937
266140	6708
266150	5091
266200	5313
266265	55343
266280	9401
266300	4157
266500	5191
266500	5264
266510	5193
266600	3569
266600	64127
266900	4867
266920	9742
267000	129563
267010	27031
267300	525
267430	1636
267430	183
267430	185
267430	5972
267500	204
267750	80781
268000	1259
268000	1406
268000	157657
268000	23746
268000	5148
268000	5949
268000	6094
268000	7401
268000	84100
268000	9227
268100	10002
268130	26277
268150	6005
268200	23175
268210	5002
268220	2308
268220	5077
268220	5081
268300	157570
268305	9775
268310	4920
268315	50484
268400	9401
268800	3074
268900	1757
269150	26040
269160	2018
269160	6469
269160	6496
269250	23169
269400	7837
269500	50964
269600	348
269700	26580
269840	7535
269880	5295
269920	26503
269921	10020
270100	4838
270200	224
270300	1041
270400	1717
270420	10653
270450	3480
270550	26278
270685	26580
270700	23503
270750	25778
270800	9420
270960	50511
270970	6708
271150	6606
271245	56652
271400	3921
271510	4796
271640	126792
271665	4921
271700	1280
271900	443
271930	23636
271980	7915
272120	6331
272200	285362
272300	6821
272430	9244
272440	150468
272460	2317
272750	2760
272800	3073
273250	57647
273300	2261
273300	3815
273300	6794
273300	8915
273395	7473
273750	9820
273800	3674
273900	2533
274000	9939
274150	11093
274270	1806
274300	7068
274400	6528
274500	7173
274600	2299
274600	3766
274600	5172
274700	7038
274800	389434
274900	405753
275100	7252
275120	7200
275200	7253
275210	10269
275350	6948
275355	3621
275355	8795
275400	10908
275630	51099
275900	23111
276300	4292
276400	2492
276600	6898
276700	2184
276710	3242
276820	7476
276880	131669
276900	10083
276900	4647
276901	7399
276901	79955
276902	7401
276904	10083
277170	65250
277180	1080
277300	10683
277300	145873
277380	55788
277400	25974
277400	5052
277410	27249
277440	7421
277450	2677
277460	7274
277470	283989
277480	7450
277580	1910
277590	2146
277600	81794
277700	7486
277900	540
277950	4323
278000	3988
278150	10161
278250	23545
278300	7498
278700	7507
278720	7508
278730	2068
278740	1643
278750	5429
278760	2072
278780	2073
278800	2074
280000	9487
300000	4281
300004	170302
300009	1184
300018	190
300029	6103
300048	2316
300049	2316
300055	4204
300066	23676
300067	1641
300068	367
300071	778
300087	7503
300088	57526
300100	215
300106	633
300114	1183
300115	6853
300123	6658
300143	11141
300148	1968
300166	54880
300200	190
300209	8481
300210	7102
300215	170302
300232	9131
300238	27316
300243	10479
300244	2316
300257	3920
300260	4204
300261	9130
300263	23133
300271	116442
300280	2273
300291	8517
300299	7454
300310	30011
300321	2316
300322	3251
300323	3251
300352	6535
300354	8450
300367	2623
300373	139285
300376	1756
300387	2182
300400	3561
300419	170302
300422	8573
300423	10159
300424	8481
300425	54413
300438	3028
300448	546
300455	6103
300472	3476
300475	10134
300476	778
300486	4983
300489	538
300491	6853
300495	57502
300496	4204
300500	4935
300510	9210
300511	1730
300514	2187
300523	6567
300534	8242
300539	554
300554	1184
300555	4952
300558	5063
300559	5255
300582	6473
300590	8243
300600	778
300604	79983
300607	23229
300614	9131
300615	4128
300622	29071
300623	2332
300624	2332
300633	367
300635	331
300636	8517
300643	27286
300645	1536
300653	5230
300659	254065
300661	5631
300672	6792
300673	4204
300676	65109
300695	2273
300696	2273
300699	2892
300707	92002
300717	2273
300718	2273
300749	8573
300751	212
300752	212
300755	695
300758	10046
300770	1438
300799	51114
300802	6855
300803	7552
300804	8481
300807	2158
300813	6757
300814	4935
300815	116442
300815	1193
300816	9131
300818	5277
300830	139411
300831	50814
300834	6103
300835	2623
300842	7504
300844	6197
300847	6134
300849	2664
300850	1741
300853	84061
300854	7030
300855	8260
300857	29978
300860	7319
300863	10013
300867	7403
300868	5277
300872	55217
300882	55869
300884	79868
300886	1193
300887	1349
300888	3547
300894	11152
300895	9968
300896	7355
300905	5165
300908	2539
300908	8573
300909	7512
300910	5358
300911	10159
300912	340533
300914	1288
300915	3149
300918	51360
300919	8239
300923	24137
300928	11043
300932	6906
300934	6748
300942	83550
300943	83550
300946	90121
300952	54539
300953	7737
300957	57187
300958	1654
300960	10682
300963	28952
300966	6872
300967	4841
300968	8239
300971	10916
300972	537
300978	51132
300982	80311
300983	9758
300984	389856
300985	10149
300986	3188
300988	4478
300989	633
300990	9949
300991	139212
300997	8473
300998	6134
301000	7454
301006	8270
301008	22866
301010	407
301013	63932
301014	51360
301015	286410
301018	114928
301020	4694
301021	54539
301022	10735
301024	84679
301025	90161
301026	2239
301028	54885
301029	63035
301030	5422
301031	84061
301032	10943
301033	6907
301035	8471
301039	79576
301040	546
301041	55906
301043	10735
301044	8243
301045	10159
301050	1287
301051	51284
301052	2158
301054	7317
301056	55593
301058	2258
301059	286464
301060	9075
301066	7030
301068	9968
301071	2157
301072	5277
301074	2000
301075	23676
301076	2742
301077	93953
301078	51311
301080	51284
301081	8517
301082	54440
301083	2623
301091	2556
301094	9338
301095	2258
301099	6756
301101	83844
301106	54967
301107	84631
301200	265
301220	5422
301310	22
301500	2717
301830	7317
301835	5631
301900	84295
302045	1756
302060	6901
302200	4810
302350	4810
302500	492
302800	2705
302905	50945
302950	415
302960	10682
303100	1121
303350	3897
303400	50945
303600	6197
303700	2652
303700	5956
303800	2652
303900	5956
304020	6103
304100	3897
304110	1947
304120	2316
304150	538
304340	8905
304400	10804
304400	2706
304400	5456
304500	5631
304700	1678
304790	50943
304800	554
305000	1736
305100	1896
305390	4693
305400	2245
305450	9968
305600	64840
305620	2316
306000	5256
306400	1536
306700	2157
306900	2158
306955	7547
307000	3897
307030	2710
307200	695
307800	5251
308050	50814
308100	412
308205	51360
308230	959
308240	331
308240	4068
308300	8517
308350	170302
308700	3730
308800	51360
308905	4007
308990	1184
309000	4952
309120	56159
309300	91851
309350	2316
309400	538
309500	10084
309510	170302
309520	9968
309530	23096
309541	3054
309548	2334
309549	24140
309580	546
309583	6611
309585	81887
309590	10075
309630	8823
309800	54880
309800	8260
309801	1349
309801	3052
309801	54539
309900	3423
310200	1756
310300	2010
310400	4534
310440	203547
310468	1184
310490	9131
310500	60506
310600	4693
310700	90167
311070	5631
311200	8481
311250	5009
311300	2316
311360	2332
311510	116442
311900	8241
312000	6658
312060	5199
312080	5354
312170	5160
312300	367
312600	6102
312700	6247
312750	4204
312863	3561
312870	2239
312870	2719
312920	5354
313200	367
313400	6399
313500	1896
313900	7454
314050	2623
314250	6872
314390	2187
314390	7547
314400	2316
314580	55906
400044	6736
400045	6736
400047	90665
415000	140032
415000	1617
415000	442862
415000	57054
415000	57055
415000	5940
415000	8284
415000	8287
415000	8653
415000	86614
415000	9081
415000	9082
415000	9083
415000	9084
415000	9085
415000	9426
500008	4512
500008	4549
500008	4574
535000	4508
535000	4514
535000	4519
535000	4535
535000	4536
535000	4538
535000	4539
535000	4540
535000	4541
540000	4511
540000	4512
540000	4513
540000	4514
540000	4519
540000	4535
540000	4540
540000	4541
540000	4558
540000	4566
540000	4567
540000	4572
540000	4574
540000	4575
540000	4577
540000	4578
545000	4558
545000	4565
545000	4566
545000	4567
545000	4571
551000	4576
551500	4508
556500	4576
580000	4574
580000	55687
580000	55687
600001	2627
600002	5745
600059	10594
600060	4647
600072	5621
600081	120227
600092	55733
600101	9132
600105	23418
600110	6785
600116	5071
600118	22930
600121	8540
600132	7287
600138	26121
600142	5654
600143	2055
600145	81839
600151	84100
600155	1910
600175	59341
600195	7010
600204	1298
600224	6712
600231	362
600251	23384
600263	3459
600268	3845
600274	4137
600274	5663
600316	51168
600320	387082
600334	7273
600348	2009
600363	123606
600373	9361
600376	94
600430	9759
600462	80324
600496	6927
600501	1910
600512	5649
600512	64780
600512	9211
600513	1137
600625	652
600627	6999
600630	2074
600638	10381
600649	1376
600652	79784
600666	23193
600721	728294
600740	1175
600775	2077
600790	111365204
600791	2299
600791	3766
600791	5172
600794	2617
600795	25978
600802	3718
600803	5244
600807	117156
600807	154
600807	240
600807	3135
600807	3176
600807	3596
600807	4589
600807	6356
600807	7124
600807	7941
600850	5625
600858	51422
600880	2153
600880	3717
600881	1411
600882	7879
600886	2512
600901	2178
600919	287
600920	91179
600955	5122
600962	3848
600965	7466
600969	1299
600971	259236
600972	1836
600974	117531
600975	1545
600975	4053
600975	7010
600977	83394
600987	4212
600994	1687
600995	7827
601001	3861
601003	487
601005	775
601042	6513
601067	64072
601067	65217
601068	401474
601071	9381
601072	64699
601088	4094
601098	9516
601104	4137
601110	10195
601144	6331
601152	9927
601154	6331
601162	5832
601186	64220
601198	846
601200	23405
601214	3728
601216	4054
601238	85300
601277	26154
601283	11132
601287	6444
601316	2070
601317	4647
601321	4763
601331	80114
601338	478
601358	6595
601360	9496
601367	2147
601367	2153
601367	241
601367	4846
601367	5583
601369	1690
601382	8898
601386	491
601386	64072
601388	1493
601390	8642
601399	861
601410	346171
601410	57061
601412	4009
601414	9129
601419	1674
601455	10397
601457	5896
601457	5897
601462	1134
601472	2617
601492	3373
601493	11155
601494	7139
601495	3507
601518	6041
601536	3198
601539	5189
601543	7007
601544	2706
601547	1415
601550	6521
601551	6521
601552	444
601553	1001
601559	3977
601583	11281
601596	79628
601606	1540
601626	1050
601626	1788
601626	2120
601626	2322
601626	2624
601626	26511
601626	3717
601626	3815
601626	3845
601626	4026
601626	4869
601626	6455
601626	7015
601626	8021
601626	8028
601626	8301
601626	861
601631	2296
601634	4522
601634	4524
601634	4548
601634	4552
601650	54949
601665	154
601665	155
601665	181
601665	5167
601665	51738
601665	5443
601665	5468
601665	7352
601665	8431
601665	9607
601665	9672
601675	2068
601678	6557
601680	7136
601705	8456
601707	6608
601709	5328
601718	24
601744	7100
601775	6573
601776	113189
601777	3000
601780	54982
601800	7299
601812	5159
601813	4041
601815	26227
601816	54658
601820	3767
601847	8647
601859	355
601859	356
601868	1302
601869	126326
601884	4041
601885	2700
601887	779
601894	2335
601942	3559
601952	51371
601954	8557
601977	4352
602014	140803
602025	4159
602032	3891
602066	112476
602078	401
602079	2328
602080	8792
602081	93986
602082	7045
602083	65217
602088	27130
602089	2324
602089	3791
602089	84168
602092	10083
602093	2978
602099	80208
602111	4322
602152	91147
602271	755
602342	79718
602347	5244
602361	63901
602390	148738
602398	1718
602400	6768
602433	23064
602450	64421
602459	5459
602471	145258
602473	23474
602477	610
602481	477
602482	2296
602483	2773
602485	2645
602491	7391
602501	5290
602522	7809
602531	55249
602535	4784
602540	2706
602541	1120
602557	65992
602579	4351
602588	2138
602629	55145
602668	7555
602722	50617
602723	79092
602771	57190
602772	346007
602782	55315
602849	2261
602875	4882
603013	3084
603034	8292
603041	1890
603041	5428
603075	10878
603075	3078
603075	348
603075	83872
603116	267010
603147	29929
603194	51259
603218	5621
603233	149775
603233	2778
603233	8675
603278	81
603284	83605
603285	11235
603358	617
603373	7253
603383	136371
603387	5296
603457	23347
603467	2188
603471	10165
603472	100996717
603511	10049
603516	25814
603543	8626
603546	3835
603552	8676
603553	5551
603554	5896
603554	5897
603554	64421
603563	9897
603585	10559
603592	55034
603622	4627
603629	7007
603649	22999
603671	57688
603688	2048
603689	7273
603720	161497
603736	23522
603776	255738
603786	8842
603813	26119
603829	6331
603830	6331
603896	1967
603902	3043
603903	3043
603909	843
603932	1299
603932	1301
603932	54829
603932	7058
603932	8483
603933	7422
603956	2261
603965	7225
604004	220296
604004	23209
604091	19
604093	4035
604116	24
604117	4014
604121	1786
604129	1294
604131	3039
604131	3040
604131	3043
604145	7273
604168	9150
604169	1837
604173	79650
604187	3798
604213	29899
604218	5274
604219	1409
604229	5080
604232	55812
604233	6324
604250	7036
604271	2690
604273	91647
604278	8671
604286	6443
604290	1356
604292	8626
604302	3569
604302	4282
604307	1420
604308	2200
604317	284403
604320	3508
604321	57082
604326	5521
604348	8864
604352	84059
604356	1123
604360	80208
604364	9681
604367	5468
604369	26503
604370	672
604377	9997
604379	200879
604387	27031
604391	4361
604393	23746
604400	79188
604403	6323
604416	9051
604432	146057
604454	7072
604484	10342
604498	4352
604536	5317
604537	167691
604559	54795
604563	81846
604571	6890
604571	6891
604571	6892
604625	5083
604715	6530
604717	71
604757	4488
604765	1674
604772	10345
604772	6262
604772	845
604777	126410
604804	55755
604805	6253
604841	1301
604864	1280
604906	27185
604928	493856
604931	9563
605013	54820
605019	27329
605021	57465
605027	25788
605027	5551
605027	843
605027	8438
605027	8915
605039	171023
605041	1540
605074	4233
605074	5546
605115	4306
605130	4297
605192	6495
605218	5133
605231	8195
605253	1959
605258	57379
605259	3748
605275	8216
605280	3329
605282	22856
605285	3098
605289	8626
605309	5728
605355	7138
605361	5582
605362	2070
605373	6391
605375	1141
605376	55997
605387	128866
605389	147495
605407	7054
605428	2549
605429	51603
605432	3207
605462	5727
605462	5921
605462	6608
605462	8643
605472	79955
605472	84059
605479	8647
605543	6622
605583	246213
605588	4000
605589	11284
605589	81857
605594	1834
605606	149233
605635	1181
605637	4620
605670	114902
605676	1832
605711	27247
605714	351
605724	675
605726	10280
605751	112476
605803	2312
605809	1145
605814	10165
605820	10020
605822	64132
605850	29958
605899	2653
605899	2731
605899	275
605909	65018
605911	3158
605990	22891
606002	23064
606003	6888
606053	10716
606054	5095
606054	5096
606056	7841
606068	84140
606069	30061
606070	9782
606071	59341
606072	859
606159	2512
606164	6234
606170	23522
606176	2645
606217	78987
606220	26224
606232	85358
606243	79058
606324	11315
606346	4646
606353	57679
606367	3559
606392	3651
606394	4760
606408	7148
606438	57338
606482	1785
606483	8729
606545	59344
606574	51151
606579	22861
606581	2166
606593	3981
606595	3315
606612	79147
606657	10133
606657	4976
606658	3708
606660	8930
606661	8314
606664	27232
606685	6444
606688	5621
606690	7248
606690	7249
606693	23400
606703	111
606705	117531
606713	57822
606719	1029
606721	857
606744	5932
606762	2746
606763	352909
606764	3815
606764	6390
606764	6391
606766	116369
606768	8291
606777	6513
606785	54658
606788	3356
606798	1816
606812	2271
606824	6523
606835	59341
606843	958
606854	9289
606856	23022
606864	6390
606864	6391
606864	6392
606889	348
606889	5664
606893	63916
606943	124590
606952	7299
606963	3162
606963	4312
606966	261734
606996	261734
607014	3425
607015	3425
607016	3425
607017	9750
607039	146183
607060	120892
607078	4148
607080	50846
607084	25861
607091	2683
607095	6023
607101	53904
607107	7157
607115	114548
607131	374654
607136	6908
607143	79087
607151	57674
607154	3596
607155	79147
607174	4330
607174	4771
607174	5155
607174	51684
607174	5728
607174	6605
607196	60386
607200	50506
607208	6323
607225	57679
607236	80025
607250	55775
607259	6687
607271	841
607276	153
607277	5729
607278	4233
607313	64221
607317	55187
607323	57167
607326	54808
607330	6309
607339	1524
607341	2475
607341	7248
607341	7249
607346	3752
607361	91147
607364	1188
607371	60
607398	56246
607417	51185
607426	27235
607432	5048
607447	7351
607450	1832
607453	152137
607454	339453
607457	360
607459	5428
607459	56652
607464	51079
607473	79001
607475	6017
607476	6017
607482	8048
607483	80704
607485	2896
607486	1378
607487	8557
607507	4049
607514	338557
607523	1294
607539	727857
607541	7045
607554	3784
607594	29851
607596	7443
607598	2065
607602	3858
607616	6609
607624	5873
607625	10577
607626	9076
607628	1181
607631	114327
607634	4041
607641	1639
607654	3848
607655	1832
607676	51135
607677	4359
607678	1959
607681	2566
607682	785
607684	4747
607685	5156
607688	26058
607694	11128
607694	55703
607706	54332
607721	8036
607734	4747
607736	4359
607745	6326
607748	9414
607765	80270
607778	3549
607785	23092
607785	4763
607785	5781
607785	867
607791	4359
607812	10484
607821	4646
607822	348
607822	5663
607823	54345
607829	8642
607831	54332
607831	56704
607832	23607
607834	6532
607836	27022
607842	10194
607847	2672
607850	54829
607855	3908
607864	8312
607876	56910
607903	147409
607906	85365
607907	5155
607921	25794
607932	652
607936	1475
607941	2626
607944	54
607948	114609
607948	1154
607948	30835
607948	3431
607948	345611
607948	3458
607948	3459
607948	6347
607948	6556
607948	7097
608013	2629
608022	168667
608027	27445
608030	2521
608033	5903
608051	8842
608068	4210
608089	27030
608089	2956
608089	4437
608089	999
608091	51259
608093	1798
608097	10564
608099	6442
608104	79053
608105	57465
608106	7374
608115	2492
608118	7780
608133	5961
608133	6094
608161	5961
608175	57623
608175	7038
608180	2192
608189	6690
608194	57096
608203	5880
608224	22953
608232	25
608232	613
608233	8546
608236	9639
608265	3082
608266	79577
608320	4205
608323	8565
608328	2200
608340	54332
608354	5921
608358	4625
608361	176
608380	375298
608389	6495
608390	6329
608393	55835
608404	948
608415	8787
608423	23534
608443	54862
608446	2099
608446	2155
608446	2162
608446	2729
608446	2730
608446	3690
608446	3957
608446	4049
608446	440823
608446	4973
608446	5687
608446	7292
608446	7804
608456	4595
608470	7045
608471	7045
608516	121278
608516	2289
608516	3356
608540	56052
608553	64802
608556	7100
608565	2103
608567	6331
608569	10060
608572	10907
608579	3105
608579	3106
608584	387129
608594	10555
608611	22934
608612	10269
608615	8313
608622	3779
608627	9217
608629	54806
608634	3315
608641	79977
608643	1644
608644	1767
608647	54768
608649	10999
608653	8556
608654	4803
608673	26353
608681	145873
608688	471
608703	87178
608709	84823
608716	259266
608728	4148
608747	3479
608751	4634
608758	4633
608768	6315
608768	724066
608776	79796
608779	91949
608782	54704
608799	8813
608800	7259
608804	57165
608805	1280
608807	7273
608810	1410
608812	79695
608836	1376
608837	4626
608840	9215
608864	3664
608874	4487
608885	6513
608895	10516
608898	201294
608902	1565
608907	10347
608908	9997
608930	1134
608931	1145
608931	2673
608940	5130
608957	925
608970	1495
608971	3575
608978	7490
608980	158326
608984	81790
608996	668
609006	83715
609015	3030
609016	3030
609027	960
609033	28982
609040	5318
609048	1019
609049	3913
609053	55215
609054	83990
609056	8869
609057	977
609060	85476
609069	256297
609070	54583
609115	9987
609129	81624
609135	3458
609135	4683
609135	51119
609135	5551
609135	7015
609136	6663
609140	1296
609141	6935
609148	259197
609152	7253
609153	10058
609161	8622
609162	1280
609165	3858
609180	9526
609192	7046
609195	2583
609200	9499
609218	146167
609220	5352
609227	79083
609241	4668
609242	4668
609254	9657
609260	9927
609265	11200
609270	1200
609273	390594
609283	291
609284	7170
609285	7169
609286	56652
609296	7155
609304	79751
609306	1938
609308	10585
609310	4292
609311	121512
609313	1174
609322	6598
609338	5468
609340	80821
609352	3852
609404	219736
609423	1234
609423	1524
609423	30835
609423	3107
609423	3458
609423	3566
609423	3577
609423	3586
609423	3811
609423	6347
609423	6348
609423	6349
609423	6352
609423	6356
609423	6387
609423	7098
609423	729230
609432	727857
609439	10518
609441	658
609446	3778
609452	11155
609460	26128
609465	126792
609508	1280
609524	2318
609528	9342
609529	23495
609532	1234
609532	282617
609532	3458
609533	65217
609535	1557
609536	727
609541	64837
609549	83552
609560	7084
609579	2263
609583	4867
609597	60529
609620	3757
609621	3784
609622	3759
609628	9663
609634	6323
609637	7546
609638	1832
609646	286676
609698	79048
609706	1302
609734	5443
609741	1417
609753	4650
609755	1493
609796	9333
609812	1056
609813	3955
609814	3075
609820	54583
609821	64805
609823	11078
609887	134430
609889	5896
609909	5350
609913	23155
609923	10210
609924	95
609942	3845
609968	3643
609975	3033
609981	4173
610003	2055
610006	36
610015	2752
610017	8200
610019	79443
610021	6566
610024	5149
610031	347733
610042	26047
610048	1634
610069	657
610090	55163
610092	338917
610093	338917
610100	50717
610102	730
610125	5015
610127	1509
610131	11232
610140	4000
610149	5654
610153	153562
610154	107
610156	56623
610163	919
610168	7048
610181	79621
610185	124997
610187	23414
610188	80184
610189	80184
610193	1829
610198	131118
610199	169792
610202	4094
610204	283989
610205	4853
610212	51473
610217	8398
610220	494513
610227	79755
610244	118813
610245	5173
610246	10939
610250	65055
610251	217
610253	79813
610256	2301
610265	222662
610282	64218
610283	64218
610293	93183
610297	27429
610313	23529
610329	84153
610333	10535
610353	1135
610356	169522
610357	547
610359	23020
610370	50674
610374	6833
610377	4598
610379	1234
610381	84839
610419	9294
610424	3455
610424	3459
610424	3588
610425	1413
610427	57010
610442	54187
610443	284058
610444	2779
610445	6010
610446	6556
610448	11277
610455	54809
610460	7172
610474	2261
610475	50940
610476	1824
610478	93589
610489	5573
610498	51021
610504	871
610505	10102
610508	8462
610532	84668
610536	9343
610539	5660
610542	2673
610549	3643
610551	81622
610582	3767
610599	768206
610600	1585
610612	343035
610618	2161
610623	5309
610628	60675
610629	6229
610644	284654
610651	2071
610678	7284
610682	10491
610687	1073
610688	91147
610698	3075
610706	2248
610708	10059
610713	3239
610717	57104
610725	51196
610733	6654
610738	10456
610743	23345
610755	1027
610756	2068
610758	2067
610759	9126
610762	949
610768	22845
610773	5250
610798	28956
610805	25778
610828	5727
610829	2736
610832	79728
610840	22873
610842	2677
610852	51314
610878	6092
610883	201163
610896	147912
610913	6440
610915	64175
610921	21
610927	1380
610938	948
610947	4040
610951	256471
610954	6925
610965	2072
610967	387733
610968	60681
610978	7080
610984	3426
610988	4049
610992	29968
610997	10481
611022	5962
611038	30062
611040	83552
611064	11213
611067	57449
611081	55054
611087	92335
611090	6487
611091	54888
611092	2898
611093	7991
611102	117155
611102	161497
611105	55157
611126	28976
611131	10002
611134	80184
611136	2554
611162	114609
611162	1154
611162	1378
611162	2212
611162	2213
611162	2532
611162	2539
611162	2993
611162	2994
611162	2995
611162	3043
611162	3383
611162	4843
611162	6521
611162	7124
611162	948
611174	10265
611182	84342
611209	9382
611225	11160
611228	9896
611263	57560
611283	27034
611291	79840
611302	10749
611307	203859
611363	57057
611369	23396
611376	5885
611377	9241
611378	718
611383	25861
611390	92935
611391	631
611407	7414
611431	161742
611451	220074
611465	64241
611489	866
611490	1186
611493	9992
611497	9842
611498	84662
611521	7297
611523	57038
611528	3728
611543	4327
611544	1414
611548	135935
611553	5894
611554	5894
611556	2997
611560	23322
611561	23322
611584	6663
611588	2218
611590	6521
611597	8419
611603	7846
611615	2218
611638	6469
611664	4254
611705	7273
611718	1950
611719	56945
611721	5660
611722	5660
611724	3662
611726	154881
611742	434
611755	80184
611762	91662
611771	348
611773	1282
611777	23171
611783	2034
611788	59
611804	2035
611809	7439
611812	54361
611816	3756
611818	859
611819	6330
611820	10142
611862	2532
611868	23301
611875	775
611876	783
611878	7168
611879	7134
611880	7137
611881	226
611884	8701
611890	2733
611895	283
611928	4477
611938	845
611942	8912
611943	165918
611953	1471
611960	1116
612001	1139
612001	51621
612004	54205
612015	91869
612016	56997
612018	387700
612020	10908
612042	285498
612052	1136
612052	1138
612067	8575
612069	23435
612073	8803
612075	50484
612076	56606
612079	55131
612095	8842
612098	70
612100	26047
612109	3166
612119	11181
612124	8048
612126	6513
612132	4792
612138	5339
612158	88
612160	1385
612164	6812
612199	80169
612201	4878
612219	2130
612225	5078
612227	5078
612229	4092
612233	3329
612237	8013
612237	8148
612240	3741
612244	5243
612245	3663
612247	2261
612251	3663
612253	6775
612260	4615
612261	149233
612267	219931
612269	2562
612271	7306
612278	345611
612281	348938
612284	57545
612285	57545
612286	6569
612287	9368
612289	29957
612290	3199
612291	200894
612292	51305
612300	966
612301	8792
612304	5624
612310	344018
612313	23314
612318	9119
612319	79152
612336	5627
612337	10472
612347	3753
612350	91252
612356	3053
612362	5122
612370	55636
612371	7494
612376	4926
612376	5914
612379	79644
612387	56244
612389	80746
612390	79042
612394	8985
612400	8200
612416	2160
612422	7139
612423	3818
612431	5978
612437	144165
612438	10382
612444	64446
612446	729
612460	79068
612462	2778
612463	2778
612474	2702
612474	2703
612518	55172
612520	6927
612522	1234
612526	857
612527	6218
612528	6165
612529	9313
612539	9197
612540	1272
612541	92579
612542	2524
612551	8542
612555	675
612556	9370
612560	7367
612561	6125
612562	6135
612563	6201
612567	3588
612572	3420
612577	9896
612580	1013
612591	5424
612621	8831
612623	2056
612624	1636
612628	3557
612630	10913
612631	203
612633	5444
612634	6648
612635	3077
612643	10804
612644	2707
612645	10804
612649	345895
612650	221421
612651	22858
612653	6521
612656	6507
612657	8842
612671	10786
612674	26090
612690	2038
612691	9896
612692	974
612702	2253
612703	6491
612712	145226
612713	79644
612714	84701
612716	6697
612718	2628
612736	2593
612740	210
612775	8754
612780	3766
612781	2688
612782	84876
612783	6786
612794	70
612797	3990
612798	1906
612813	176
612838	6324
612840	83706
612841	79574
612847	9060
612852	3557
612874	272
612877	1829
612885	84515
612899	846
612900	23189
612908	1832
612918	5290
612921	23363
612922	4179
612923	3426
612924	629
612925	718
612926	7056
612932	2027
612933	3939
612936	9179
612937	54344
612938	79068
612940	5831
612943	55975
612949	8604
612951	8635
612952	25939
612953	8398
612954	9531
612955	6640
612956	1804
612961	2254
612964	2516
612965	2516
612968	2301
612975	79365
612989	84233
612997	117144
612997	117155
612997	161497
612998	23345
612999	23224
613000	3868
613001	2260
613002	7098
613003	121278
613011	3702
613013	8929
613014	238
613021	6337
613027	5261
613028	5728
613029	675
613032	137196
613038	5449
613060	2563
613065	2322
613065	2782
613065	4683
613065	581
613065	613
613065	6886
613065	6887
613065	8021
613068	2348
613070	55687
613071	6340
613073	4318
613074	407053
613075	54453
613076	2671
613077	50484
613078	10111
613079	125336
613080	84733
613086	4053
613087	7092
613089	5290
613090	1187
613090	1188
613091	79659
613092	5972
613093	5146
613094	392255
613095	5311
613098	4157
613099	4157
613100	4909
613101	6813
613102	1825
613105	5961
613107	2672
613108	64581
613112	81027
613115	54463
613116	3273
613118	462
613119	10008
613120	55800
613122	91624
613123	10021
613135	6531
613148	3587
613150	29954
613151	55624
613152	2218
613153	79147
613154	9215
613155	10585
613156	29954
613157	55624
613158	29954
613159	63929
613161	51733
613162	22978
613163	18
613172	282996
613177	8425
613179	4860
613192	83696
613193	123872
613194	7439
613195	170691
613204	3679
613205	4000
613206	57165
613211	256764
613216	4308
613217	4072
613223	7096
613224	4893
613225	2162
613227	767
613229	114798
613235	2165
613237	64423
613239	100134444
613243	7134
613244	4072
613251	4624
613252	4624
613254	3458
613254	7249
613255	7414
613265	1908
613266	6663
613267	6925
613268	83959
613270	6935
613280	55532
613285	389207
613286	7137
613287	16
613291	6555
613307	286262
613308	6204
613309	6231
613310	23554
613312	5167
613313	57817
613319	203859
613320	51025
613325	6597
613327	284119
613328	5293
613328	90417
613329	5054
613330	579
613341	9227
613345	6329
613347	675
613348	79728
613353	79628
613370	3630
613375	640
613376	8988
613382	5744
613385	83737
613388	6569
613390	5889
613391	374462
613393	50489
613398	1663
613399	5889
613402	11284
613404	63894
613406	25942
613410	285195
613411	6011
613418	100422910
613424	70
613426	4625
613428	388939
613435	10133
613436	22941
613443	4208
613451	60529
613453	5269
613454	2290
613456	8092
613463	2646
613464	123016
613470	2821
613471	3930
613477	6709
613480	57165
613485	3762
613489	25839
613490	5265
613493	930
613494	115650
613495	931
613496	975
613500	3543
613501	973
613502	29760
613506	56262
613507	2992
613508	59341
613517	646960
613546	1588
613550	91147
613551	54414
613554	7450
613559	91574
613561	51067
613563	867
613566	10661
613571	5447
613573	81607
613575	84100
613581	50939
613582	5148
613587	94137
613589	6272
613608	10299
613610	57539
613611	5784
613612	10466
613615	10806
613616	112817
613617	130557
613625	90411
613630	1147
613640	9517
613641	3735
613642	6389
613643	7345
613646	51293
613647	9907
613652	712
613656	338567
613657	3418
613658	10056
613659	1316
613659	2064
613659	2263
613659	324
613659	3553
613659	3557
613659	3659
613659	3845
613659	4595
613659	5290
613659	843
613660	92211
613661	440138
613662	5428
613668	9440
613670	27086
613671	55084
613672	55149
613673	10661
613674	64321
613676	55835
613677	3762
613679	2147
613680	79228
613684	2033
613686	84667
613688	144245
613688	3757
613690	7137
613693	9992
613694	5663
613695	3753
613697	5664
613702	9573
613703	392255
613703	9573
613704	9573
613705	7341
613706	673
613707	673
613708	51062
613710	60386
613711	2668
613712	1908
613717	51082
613718	253827
613720	3785
613721	6326
613722	23236
613723	5339
613724	6342
613728	55129
613730	83700
613731	6010
613735	4774
613736	55851
613737	5663
613743	1583
613744	23431
613750	4901
613751	93
613752	191
613756	1259
613757	84839
613758	6295
613759	8772
613761	2074
613762	4214
613763	1410
613765	7273
613767	1258
613769	5995
613778	387715
613779	718
613780	4638
613783	716
613784	1524
613789	732
613790	731
613791	10747
613793	1604
613794	6121
613795	4088
613796	6772
613800	5000
613801	5158
613803	23594
613804	81620
613805	990
613807	339829
613808	55036
613809	7399
613810	5145
613811	51091
613812	9420
613818	1605
613819	79809
613820	79809
613823	22995
613824	284086
613825	735
613826	57096
613827	2979
613829	1406
613830	9187
613834	59
613835	23418
613837	3614
613838	51778
613839	1719
613843	7287
613845	54938
613848	871
613849	121340
613850	3704
613852	2528
613854	2657
613855	785
613856	2780
613860	8547
613861	79947
613862	10461
613865	375611
613869	1410
613870	1889
613873	57158
613874	5350
613876	91624
613877	5346
613881	9531
613882	54805
613885	79867
613886	4915
613887	23424
613908	343641
613912	1675
613916	3735
613925	220296
613926	220296
613933	31
613943	643418
613949	920
613950	85358
613951	84464
613953	23765
613954	7415
613955	133396
613956	112744
613957	2516
613958	283417
613960	4689
613970	2904
613972	7517
613977	3048
613978	3039
613978	3040
613980	3759
613981	121391
613982	5176
613983	24148
613985	109580095
613985	3043
613986	5015
613987	55651
613988	55135
613989	7015
613990	26277
614008	8815
614009	6915
614017	83544
614018	9570
614019	54820
614020	9524
614021	253017
614022	6331
614023	5723
614024	8858
614025	3990
614028	345
614033	3029
614034	3162
614035	23562
614037	4056
614038	2624
614039	10381
614042	59
614049	2702
614050	10060
614052	54968
614053	514
614055	39
614063	339983
614065	2318
614066	10717
614067	11154
614069	9841
614070	10758
614072	84343
614073	89781
614074	11234
614075	79803
614076	84062
614077	388552
614078	54928
614079	51267
614079	64581
614080	23556
614081	3240
614082	2189
614083	55120
614089	4624
614090	4624
614091	57539
614096	57505
614097	847
614098	3763
614099	112752
614102	3514
614104	1859
614105	4329
614111	5162
614114	9702
614115	10319
614116	1786
614120	374654
614122	1118
614128	3945
614129	8192
614131	4643
614134	1297
614135	1297
614152	56616
614153	10528
614156	644
614160	2660
614162	6772
614163	1407
614164	2876
614165	6389
614167	84146
614170	11107
614171	26258
614172	2624
614173	79600
614175	80776
614180	7401
614181	4117
614185	2200
614186	3769
614188	3590
614190	8622
614193	3077
614195	30813
614196	5800
614198	6329
614199	3913
614201	51206
614202	11253
614203	55737
614204	26525
614205	83987
614207	27315
614209	27077
614212	1376
614213	547
614219	57572
614222	22931
614224	3490
614225	25782
614226	50937
614228	1778
614229	255928
614231	51124
614249	9439
614250	4340
614251	1981
614254	2902
614255	547
614256	10369
614257	2036
614261	10617
614262	91754
614265	197322
614266	115908
614266	4481
614266	51008
614278	7941
614279	1109
614279	1646
614284	1298
614286	171023
614286	23451
614286	2624
614286	2782
614286	54790
614291	5892
614292	55214
614293	154288
614296	7466
614298	83636
614299	388962
614300	132
614302	79188
614303	406960
614305	4038
614306	6334
614307	23600
614320	672
614321	859
614322	51741
614324	29893
614325	9378
614327	8314
614328	6868
614331	7048
614332	9378
614335	4604
614337	5395
614338	5406
614340	55180
614350	2956
614369	79784
614370	1439
614371	30835
614372	4153
614373	10280
614374	720
614376	57728
614377	57728
614378	57728
614379	721
614380	720
614381	55703
614382	114609
614383	1154
614385	27030
614388	10059
614389	2153
614390	2147
614391	308
614395	3586
614399	84466
614400	113263
614401	4193
614402	11023
614409	57704
614411	364
614415	25939
614416	56603
614417	57094
614418	57094
614419	2805
614420	1776
614424	65062
614429	2626
614430	2626
614431	10370
614432	1482
614433	10370
614434	10516
614435	1482
614436	90678
614437	30008
614438	5831
614441	6578
614450	7067
614455	64423
614456	4286
614457	6785
614458	27010
614462	11019
614464	95681
614465	51524
614466	4314
614468	5336
614470	3845
614470	4893
614473	368
614474	2627
614475	2627
614480	2819
614482	9197
614483	1284
614485	158326
614486	7056
614487	10939
614490	9429
614491	65266
614492	65125
614493	7456
614495	26249
614496	8452
614497	10058
614498	221927
614499	8738
614500	157657
614501	79753
614504	3035
614507	1650
614508	5888
614514	5627
614519	1282
614519	1284
614519	1636
614521	3717
614524	1302
614546	1555
614557	55033
614558	6334
614559	50
614561	727676
614563	1778
614564	545
614565	440435
614575	5981
614576	57511
614582	11222
614583	71
614592	2263
614594	162514
614595	10699
614602	6499
614607	8289
614608	6598
614609	6597
614613	5144
614614	388551
614615	65250
614616	2984
614617	57465
614618	9152
614619	2743
614621	1161
614640	57654
614643	729920
614650	51004
614651	23590
614652	57107
614653	667
614654	57017
614662	3290
614665	2984
614669	5332
614672	57798
614673	9662
614674	3350
614675	6731
614678	51010
614679	388389
614680	10410
614689	3570
614691	55750
614699	1380
614700	987
614701	5885
614702	25821
614706	2896
614707	79581
614714	4597
614723	353
614727	55858
614728	80254
614731	60528
614732	1028
614736	23530
614739	84947
614740	7157
614741	51660
614742	7015
614743	7012
614744	3211
614745	8482
614748	3675
614749	84720
614750	1798
614751	65055
614752	3570
614753	4784
614756	23261
614779	220136
614782	2521
614800	51594
614807	124093
614808	5216
614809	81494
614810	7132
614813	25886
614814	3516
614815	26123
614816	7042
614817	22909
614819	4053
614820	478
614822	124404
614823	4091
614830	84892
614831	2911
614832	152816
614833	25914
614837	84634
614838	26012
614839	6866
614840	6870
614841	2796
614842	3814
614844	23090
614845	22897
614847	6513
614849	7187
614850	148022
614851	51199
614852	22995
614856	649
614857	5826
614858	55717
614859	5193
614861	54084
614862	5190
614863	5190
614866	5828
614867	5828
614868	6789
614869	10518
614870	5192
614871	5192
614872	55670
614873	55670
614874	54919
614876	9409
614877	9409
614878	5336
614879	5191
614880	9394
614881	3300
614882	8504
614883	5194
614885	5194
614886	5824
614887	5195
614889	3460
614890	3593
614891	3594
614892	6772
614893	3394
614895	57716
614896	776
614897	10371
614898	137492
614899	51475
614900	6154
614915	4604
614916	801
614920	8799
614921	5236
614922	55005
614923	10295
614924	124454
614926	23438
614929	121391
614931	3229
614932	87178
614934	87178
614935	23639
614937	8996
614940	128178
614941	128178
614944	283310
614945	340990
614946	10667
614947	123263
614959	57582
614961	5119
614962	3952
614963	3953
614969	114034
614970	79583
614972	5244
614974	340665
614976	1954
614979	80216
614980	23118
615005	57582
615006	6487
615007	5159
615008	8526
615009	55690
615010	103
615011	85007
615018	124872
615021	8706
615023	204219
615024	285848
615025	55526
615026	55065
615028	23086
615030	113612
615031	9895
615032	57680
615033	23259
615034	63982
615035	91574
615040	8989
615041	10329
615042	8818
615043	83636
615048	400916
615058	345193
615059	6635
615065	9427
615066	55151
615067	93233
615071	51574
615072	8200
615073	2774
615074	57459
615075	1499
615081	317719
615082	442186
615083	5426
615084	92667
615085	29887
615091	1977
615092	57534
615095	63925
615107	100144748
615108	5290
615109	207
615112	9860
615113	220
615119	1355
615120	375790
615122	939
615127	55689
615134	7015
615135	152926
615139	5426
615145	55714
615147	5950
615155	85301
615156	1763
615157	54902
615158	7381
615159	27089
615160	7385
615179	11152
615179	83938
615181	148789
615182	6576
615184	1410
615185	59345
615188	1419
615190	51750
615191	3912
615193	87
615198	79705
615206	84433
615207	50615
615214	5295
615217	23533
615219	8777
615220	7471
615221	7471
615222	83452
615224	1453
615225	22861
615226	7700
615228	498
615232	6505
615233	5949
615234	55240
615235	3910
615237	79827
615238	63924
615244	396
615248	84665
615249	84197
615264	388588
615266	81848
615267	54756
615268	51761
615269	1848
615270	8822
615271	23767
615272	2072
615273	55768
615274	4284
615277	3982
615278	3845
615279	5604
615280	5605
615281	1615
615282	3800
615284	6305
615285	11311
615286	113179
615287	11041
615290	23299
615293	4854
615294	92749
615297	285203
615298	8200
615300	23395
615311	55366
615314	6938
615327	23509
615328	57511
615330	200205
615338	57465
615342	4093
615343	857
615344	3777
615346	7681
615348	131377
615349	126792
615350	29925
615351	29925
615352	29925
615355	6016
615356	60684
615360	392255
615361	2767
615362	8722
615363	2099
615368	1785
615369	1106
615371	1373
615373	63976
615374	9364
615376	57449
615377	6324
615378	6327
615381	5424
615382	203286
615386	6712
615387	28755
615395	65080
615396	4607
615397	79583
615398	51604
615399	51604
615400	6900
615401	11151
615402	10058
615411	3796
615412	7283
615413	340719
615414	1911
615415	284086
615418	291
615419	259232
615420	201973
615422	3181
615424	3178
615425	667
615426	3178
615429	84173
615431	4043
615432	79853
615434	23568
615436	5592
615438	51520
615439	3426
615440	60528
615441	10345
615444	51364
615451	55130
615453	1537
615457	112609
615458	170692
615465	2260
615468	10892
615471	26235
615473	2775
615474	776
615476	23334
615481	89765
615482	161582
615483	5155
615485	80816
615486	4141
615489	629
615489	717
615490	23321
615491	7345
615493	288
615500	56683
615501	10243
615502	10664
615503	55112
615504	85478
615505	6674
615506	2658
615508	1828
615510	29926
615511	270
615512	7167
615513	5293
615515	2066
615516	8924
615517	2495
615518	9094
615522	5167
615523	123624
615524	5915
615527	10758
615528	9829
615529	60529
615530	8867
615537	102
615539	29940
615540	163183
615541	80185
615542	2626
615544	55780
615545	5079
615546	79633
615547	54551
615548	11280
615550	6138
615551	6336
615552	11280
615553	23443
615554	5618
615555	5618
615557	7100
615558	338
615559	5580
615560	5075
615561	629
615565	4751
615573	79934
615574	440
615575	81545
615577	4791
615578	119559
615582	7043
615583	22827
615590	102
615591	735
615592	3551
615593	7293
615595	57128
615596	3703
615597	201595
615598	8710
615599	6873
615602	23286
615604	2512
615605	1962
615607	917
615615	916
615616	29119
615617	915
615625	51308
615629	3371
615630	26160
615631	84529
615632	25923
615633	89891
615636	79848
615637	11133
615643	80347
615651	1181
615658	10342
615663	128637
615665	5147
615670	8216
615673	10367
615681	10613
615683	953
615685	23204
615686	271
615688	51816
615696	56983
615703	84984
615704	374393
615705	9711
615706	1906
615707	2214
615709	6862
615710	222546
615715	375748
615716	93210
615721	26281
615722	7025
615723	10734
615724	164045
615725	57709
615726	3853
615728	3854
615731	10324
615735	286887
615744	2554
615745	4878
615749	727
615750	2982
615751	763
615752	9289
615758	3932
615760	5859
615761	55209
615763	7280
615767	59067
615768	10273
615770	9631
615771	203068
615774	22917
615777	64131
615779	7026
615780	55857
615785	3860
615789	9419
615802	80055
615803	10978
615807	1763
615809	271
615812	9149
615816	5238
615817	23325
615821	1832
615824	84300
615828	10522
615829	27245
615830	5566
615833	25977
615834	26053
615837	643226
615838	90624
615841	6875
615842	84225
615846	64135
615848	25913
615849	2736
615851	55275
615859	85440
615860	23093
615861	2013
615862	51134
615863	8694
615866	6664
615871	348980
615872	10309
615873	23394
615877	10586
615878	9414
615879	1788
615881	51129
615883	84876
615885	6144
615887	123041
615888	10235
615889	57505
615895	10616
615896	112802
615897	1503
615905	284111
615907	7424
615909	6235
615911	400916
615916	5894
615917	57176
615918	80222
615919	5111
615922	9128
615923	4882
615924	26580
615925	2693
615926	9915
615934	340061
615935	256297
615937	10000
615938	894
615942	124512
615945	1600
615946	283375
615947	338328
615948	26005
615952	6774
615953	3816
615954	79798
615957	60481
615959	10290
615960	284217
615961	3483
615962	2908
615963	7148
615966	5591
615969	174
615970	174
615972	26022
615973	282809
615974	2059
615978	3459
615979	79791
615980	3991
615981	583
615982	585
615983	129880
615984	55212
615985	123016
615986	27241
615987	79738
615988	22954
615989	166379
615990	54903
615991	80184
615991	91147
615992	51057
615993	10806
615994	54585
615995	92482
615996	11020
615999	213
616000	213
616001	5792
616002	5076
616004	2243
616004	2244
616004	2266
616005	5295
616006	79633
616007	55699
616022	84522
616025	284098
616026	3172
616028	4851
616029	79977
616030	389549
616032	54443
616033	93587
616034	133686
616037	115948
616038	29968
616039	1337
616040	127833
616042	53405
616044	57465
616045	498
616050	58484
616051	1062
616052	729920
616053	440193
616056	3745
616059	10126
616060	420
616063	63910
616067	23414
616069	1956
616078	26040
616079	9445
616080	1021
616081	11340
616083	10771
616084	51095
616087	9882
616089	2995
616093	28
616094	84197
616095	6566
616098	8915
616099	25959
616100	1493
616106	130340
616108	51109
616111	790955
616113	23312
616115	58484
616116	3340
616117	51086
616118	2201
616126	9636
616127	55280
616138	56652
616139	2904
616140	5917
616145	23483
616151	3617
616152	50939
616154	84188
616155	3508
616158	5813
616165	56203
616166	8076
616170	256471
616171	10733
616172	112755
616176	5568
616185	254394
616187	3746
616188	7275
616192	5611
616193	56776
616198	84705
616199	2992
616200	83932
616201	151648
616202	2972
616204	2895
616208	7277
616209	400916
616211	51741
616212	10300
616214	3630
616216	2120
616217	51473
616219	84570
616220	286204
616221	3694
616224	9581
616227	199857
616228	85365
616229	90993
616230	10715
616231	844
616239	79731
616247	801
616248	100128927
616249	805
616255	4882
616258	9928
616260	54941
616263	51651
616265	64377
616266	259232
616267	11284
616268	7994
616269	388662
616270	258
616271	81570
616276	51117
616277	1892
616278	5825
616279	146862
616280	4141
616281	84706
616282	126129
616286	8506
616287	112
616289	50
616291	6548
616294	9871
616295	831
616298	23586
616299	51601
616300	153241
616304	4038
616307	57728
616311	1804
616313	1140
616314	1140
616321	1144
616322	1144
616323	1144
616324	1145
616325	4593
616326	5913
616329	3767
616330	6616
616331	1855
616335	27229
616339	16
616340	9885
616341	150094
616342	1020
616345	3665
616346	1759
616351	10087
616353	5073
616354	57231
616355	5528
616357	1428
616362	5518
616364	23126
616366	3737
616367	1909
616368	27125
616370	122961
616371	5073
616373	51750
616389	2779
616390	2071
616393	1917
616394	26160
616395	404672
616398	79734
616399	3752
616400	162514
616402	163786
616409	1917
616410	7222
616411	1293
616413	9213
616414	1314
616415	4913
616418	54805
616420	29920
616421	6529
616428	5950
616430	92935
616433	1794
616435	29089
616436	5649
616437	8878
616439	29110
616445	84818
616449	81857
616451	200205
616452	84433
616455	526
616457	790
616459	28960
616460	80153
616461	51083
616462	25885
616468	79797
616469	79797
616470	1303
616471	1303
616479	246243
616481	83861
616482	2261
616483	51594
616486	84879
616487	5339
616488	59335
616489	3481
616490	9786
616491	4669
616494	9533
616500	493753
616501	388753
616502	128338
616503	57211
616505	91137
616507	6678
616509	4047
616511	26060
616515	9750
616516	4000
616517	22926
616521	23040
616531	5297
616532	3661
616534	2304
616535	3026
616538	1605
616539	57570
616540	84823
616541	7518
616544	138050
616546	9786
616549	84700
616553	65057
616559	6655
616562	583
616564	8216
616566	134701
616568	25913
616570	2073
616576	4790
616577	166378
616579	283489
616580	3190
616583	1280
616586	5832
616589	54567
616592	5159
616602	7545
616603	5832
616617	5190
616622	6097
616625	3035
616629	26146
616631	2224
616632	1729
616636	6773
616638	2475
616640	56978
616645	57468
616647	3704
616649	6710
616651	100151683
616654	79867
616657	6509
616668	80208
616669	3455
616672	79587
616680	4099
616681	23141
616682	2132
616683	55823
616684	6834
616685	57468
616687	7415
616688	22880
616689	3783
616697	4254
616705	4233
616707	9455
616708	51322
616710	51142
616716	5830
616719	57410
616720	1305
616721	64116
616722	406987
616723	89970
616724	4040
616726	2622
616728	23028
616730	57122
616732	84816
616733	10229
616734	10982
616736	26011
616737	998
616738	2122
616739	3176
616740	7037
616744	7128
616749	118856
616754	2523
616754	2524
616756	57531
616760	147183
616763	64857
616777	10293
616779	5654
616780	347688
616781	9731
616784	23247
616788	1748
616789	23389
616794	115286
616795	8913
616801	285175
616803	6660
616806	5978
616809	84992
616811	25828
616812	11149
616814	79816
616816	51244
616817	84919
616818	10253
616819	55691
616827	55679
616828	84317
616829	147007
616831	29072
616833	57592
616834	6307
616835	51053
616839	81034
616840	54832
616843	9780
616849	658
616851	23094
616852	58
616854	3313
616858	10483
616859	51218
616860	51218
616863	7874
616866	9325
616867	51008
616868	6550
616871	51428
616873	10320
616875	23065
616878	128989
616881	51501
616882	8863
616887	81562
616890	51776
616892	9688
616893	23165
616894	1857
616896	4976
616897	202018
616900	93627
616901	1801
616903	55270
616907	823
616910	83879
616911	3070
616913	342618
616914	2200
616917	54872
616920	56006
616921	10846
616922	10846
616924	4744
616937	6714
616938	6605
616939	54112
616941	6929
616943	2961
616944	79718
616946	2074
616947	93426
616948	200403
616949	51567
616950	93426
616954	9894
616959	51095
616963	6569
616968	4171
616969	8763
616973	2782
616974	54931
616975	473
616977	3097
616981	23732
616994	55969
617004	11231
617006	7535
617008	120
617011	8925
617013	23516
617014	1441
617017	4311
617018	4311
617020	64801
617021	23395
617022	91754
617023	60509
617024	2784
617025	91754
617026	116461
617027	8912
617028	23043
617030	122622
617035	7021
617039	93166
617041	9935
617044	7086
617046	10667
617047	2318
617049	9971
617050	8943
617051	83480
617052	134218
617053	54809
617054	55697
617055	55975
617056	29927
617061	7204
617062	1457
617063	8318
617065	60558
617066	9325
617068	1716
617069	7084
617070	1716
617072	26092
617073	7480
617075	4486
617080	6334
617082	116150
617086	56947
617087	9927
617088	51626
617090	11113
617091	374407
617092	83538
617093	3376
617099	90268
617100	4437
617101	53335
617102	51098
617105	6506
617106	773
617107	9158
617108	54894
617111	7867
617113	2562
617114	339855
617115	5271
617116	10641
617118	8131
617119	80173
617120	27077
617121	54903
617123	55624
617125	79882
617126	6878
617127	9851
617132	79876
617133	79876
617137	6885
617140	6651
617141	26610
617142	54765
617143	60482
617145	8878
617146	63895
617153	2560
617156	7019
617157	54496
617158	8878
617159	1108
617162	2906
617164	372
617166	2257
617168	4015
617169	10297
617171	10522
617173	10681
617174	716
617175	55213
617180	2077
617182	10681
617183	55210
617184	291
617186	128240
617187	140732
617188	79143
617190	55252
617193	6904
617194	342035
617201	23327
617205	168507
617207	6905
617213	23729
617214	89869
617217	8111
617222	27068
617223	27068
617225	23400
617228	4285
617232	56983
617234	353238
617235	3798
617236	84131
617237	64919
617238	8974
617239	6572
617241	56160
617243	10459
617244	5888
617247	7516
617248	27429
617251	7053
617252	7062
617253	286053
617255	160418
617258	79912
617260	7707
617268	57520
617270	55250
617271	23005
617272	7010
617275	64388
617276	8120
617280	4635
617281	23258
617282	51102
617284	9757
617290	11212
617294	54800
617296	57498
617297	93650
617300	2050
617301	6536
617302	10730
617303	65082
617304	92840
617306	4286
617308	8309
617315	1545
617319	27151
617320	23581
617321	64127
617323	3612
617330	253738
617333	7862
617336	84665
617337	126695
617339	4191
617341	79991
617343	9247
617347	348
617349	2301
617350	6324
617360	8621
617364	5587
617370	8504
617383	59341
617384	56521
617388	22861
617389	8867
617391	3192
617392	83999
617393	112939
617394	51473
617395	22796
617396	10940
617397	11274
617402	529
617403	523
617404	51763
617405	255758
617406	157657
617408	6155
617409	6232
617412	6228
617425	2137
617432	6884
617433	23370
617435	3064
617439	4091
617441	80739
617442	4439
617443	2313
617450	8493
617452	51633
617460	3098
617466	51339
617468	163175
617475	6603
617478	54916
617480	2516
617481	58497
617493	2775
617506	5500
617507	55704
617514	27040
617516	5718
617519	57731
617520	23001
617523	9181
617524	127534
617525	2697
617526	2531
617527	9373
617532	50651
617537	3008
617540	64072
617542	1630
617547	755
617557	7528
617560	84504
617561	8726
617562	84314
617563	84314
617564	4174
617565	26284
617571	6820
617572	1499
617574	121214
617575	8879
617576	25981
617577	25981
617584	9474
617585	5971
617591	5692
617591	5698
617592	80217
617593	55779
617595	10463
617596	2954
617598	9319
617599	51227
617600	23152
617601	56479
617602	25
617604	29980
617605	23312
617606	80736
617607	401138
617609	9863
617610	199221
617613	81689
617616	80232
617622	80210
617626	5978
617629	10137
617633	7515
617635	10274
617637	64787
617638	84433
617639	23558
617641	5087
617642	23288
617643	3778
617644	676
617654	4919
617660	23498
617661	8942
617662	64412
617663	374462
617664	65993
617665	7532
617666	341640
617667	23426
617668	387787
617669	51112
617671	9071
617672	7343
617675	55154
617681	1500
617682	1105
617686	2778
617690	402381
617691	2911
617694	8558
617695	55773
617698	92609
617706	254528
617707	56155
617709	6301
617710	10352
617711	5530
617712	7784
617713	708
617717	2232
617718	10095
617719	124583
617721	7453
617729	55644
617730	112858
617731	51002
617732	84617
617743	197135
617744	4780
617746	7291
617749	89
617751	5879
617752	9320
617755	2186
617756	3889
617757	51684
617760	51776
617761	153241
617762	55331
617763	23404
617765	359948
617767	10464
617768	58508
617769	2196
617770	23646
617771	343450
617772	114548
617773	9853
617780	4522
617781	9742
617783	25959
617784	55159
617787	80155
617788	51111
617796	55870
617798	815
617799	816
617800	9276
617802	7407
617804	22907
617805	80000
617807	9230
617808	196528
617809	4054
617810	8733
617816	5279
617820	2902
617821	1278
617822	84162
617825	10587
617827	9837
617829	2561
617830	4915
617831	116150
617836	79947
617839	311
617854	1213
617862	122553
617863	81562
617864	2893
617865	57688
617866	112752
617871	112752
617872	51081
617873	54802
617874	79053
617875	4041
617877	650
617879	10383
617882	4747
617883	672
617885	109
617892	4750
617895	28981
617898	392255
617899	51569
617900	29110
617903	9568
617904	9568
617907	2056
617911	2056
617912	140628
617913	50628
617914	9928
617915	1487
617916	85021
617917	1384
617920	10457
617921	3798
617924	22858
617925	27152
617926	27152
617927	55081
617928	113457
617929	10695
617931	9698
617933	53616
617935	6328
617936	590
617938	6328
617941	79631
617948	6710
617950	51116
617951	2058
617952	55603
617954	9512
617956	50833
617959	79846
617960	56154
617961	80705
617964	54664
617965	122481
617966	29881
617967	124997
617970	6006
617971	3043
617973	3039
617974	55325
617976	10815
617977	56270
617980	3043
617981	3039
617981	3040
617982	54870
617983	9918
617984	23310
617985	23397
617988	54676
617991	55023
617992	182
617993	8074
617994	9365
617995	3615
617996	494551
618000	165
618003	79955
618004	23221
618005	2530
618006	7965
618008	26999
618009	9969
618010	5283
618011	84896
618012	523
618013	54845
618014	2661
618015	10845
618018	1558
618019	3930
618021	340419
618022	340419
618027	5977
618031	79977
618036	476
618042	4938
618048	51371
618049	6571
618050	11011
618052	57538
618056	221927
618057	1066
618060	6095
618061	51726
618063	85016
618065	5393
618067	23241
618074	27327
618075	9693
618076	51506
618077	55765
618078	57122
618079	51474
618084	388698
618086	57697
618087	8913
618088	64207
618089	80204
618090	80856
618091	6691
618092	64919
618093	10273
618094	1690
618095	815
618096	57697
618097	7156
618098	7156
618103	84894
618106	6418
618107	9842
618108	8737
618109	10765
618110	122402
618112	83449
618113	745
618114	6340
618115	402381
618116	114803
618117	56945
618120	513
618123	2735
618124	8888
618126	6337
618129	825
618131	146206
618135	84892
618138	3908
618140	5137
618141	23316
618142	348180
618143	94005
618144	22901
618145	10205
618147	8812
618148	8991
618149	8626
618150	25839
618152	144406
618153	401024
618154	9508
618155	4617
618156	2222
618157	2692
618158	5058
618160	55599
618161	403
618162	23387
618164	84231
618165	7157
618167	50515
618168	7482
618170	54936
618173	403
618174	1496
618175	4921
618176	79902
618177	55746
618178	23279
618179	79023
618180	54084
618182	1534
618183	83483
618184	4359
618185	375
618186	8506
618187	2100
618188	55503
618189	79717
618193	54209
618195	49855
618196	2050
618197	6576
618198	4649
618201	22906
618204	3551
618205	1107
618213	7040
618218	6857
618219	137392
618220	9785
618221	57102
618222	4728
618223	6909
618224	374291
618225	4723
618226	4719
618228	4720
618229	4729
618230	4722
618231	147138
618232	4726
618233	91942
618234	51103
618235	4695
618236	126328
618237	29078
618238	79133
618239	137682
618240	25915
618241	55572
618242	80224
618243	4705
618244	55967
618245	4715
618246	4709
618247	4704
618248	123263
618249	51079
618250	55863
618251	51300
618252	4714
618253	4700
618254	115399
618257	55814
618261	970
618264	9423
618265	5530
618266	80347
618267	10519
618268	57003
618270	8204
618272	23405
618273	22983
618275	4047
618276	23287
618278	374354
618279	5375
618280	745
618282	84905
618283	4140
618284	3739
618285	777
618286	4781
618287	5970
618291	23299
618292	1795
618295	8665
618298	221692
618300	1770
618302	55621
618307	399
618309	3574
618310	6141
618312	11224
618313	6210
618314	476
618316	9772
618317	57462
618321	55739
618323	6843
618324	197258
618325	23499
618328	2744
618329	125988
618330	1523
618331	51693
618332	1387
618333	2033
618336	5426
618339	2744
618341	84074
618342	54517
618343	1281
618345	196
618346	10785
618347	10785
618348	57122
618349	55746
618351	55262
618353	7783
618354	5515
618356	23114
618357	6096
618358	11190
618360	79709
618362	6601
618363	84068
618364	6334
618367	10588
618369	54834
618371	7703
618372	5321
618373	23328
618374	4761
618378	63931
618379	11342
618381	50801
618383	27107
618384	64849
618386	84957
618387	65260
618388	5913
618389	285489
618392	8720
618393	4927
618394	60468
618395	23233
618396	2566
618397	84340
618398	84868
618400	4358
618402	51319
618404	8560
618406	4160
618410	388551
618412	2744
618414	4632
618415	23268
618416	284439
618418	51271
618419	55012
618420	55012
618422	23262
618425	7701
618426	8021
618429	199223
618430	6942
618431	150365
618432	79703
618433	84071
618434	79731
618435	7140
618436	4621
618437	25973
618438	11261
618440	5286
618443	23162
618447	775
618449	246176
618451	3658
618453	26100
618454	8295
618456	10750
618457	124976
618458	5062
618459	9138
618460	54892
618462	2048
618463	335
618464	8402
618468	51412
618469	4621
618470	51412
618475	1743
618476	1436
618477	9154
618479	4081
618480	1725
618481	124842
618482	348980
618484	23345
618492	1781
618493	54681
618494	1822
618495	3560
618496	54538
618497	774
618498	285600
618499	22808
618500	23019
618501	9254
618504	91801
618505	23135
618506	6659
618511	8566
618512	55904
618513	85015
618522	818
618523	3572
618524	4604
618527	64834
618528	11232
618529	64359
618531	54795
618533	1301
618534	10125
618535	1474
618541	1186
618546	6897
618547	3098
618548	9091
618549	10068
618550	24145
618555	3000
618557	2555
618559	2558
618564	1282
618567	29960
618569	374969
618571	26173
618572	55656
618573	7201
618577	5881
618578	5081
618580	9488
618587	1173
618590	128869
618591	153
618594	10677
618596	3778
618598	6647
618603	5430
618604	5455
618606	738
618608	4848
618612	54796
618613	57670
618618	406932
618619	58499
618620	63036
618622	55627
618624	22800
618625	64682
618632	83715
618635	128486
618637	101060691
618641	60561
618643	8632
618644	23184
618646	170825
618648	10379
618651	22872
618652	22884
618653	1656
618654	88
618655	88
618658	3782
618659	57178
618660	2936
618662	105371045
618663	23312
618664	255101
618665	29081
618666	64240
618667	131405
618670	118491
618672	4849
618674	55596
618677	10297
618680	285282
618681	4193
618683	84833
618687	9922
618688	9725
618695	345643
618697	6121
618699	2302
618702	80152
618707	8936
618709	28514
618718	84628
618719	93649
618721	2806
618723	646
618724	1788
618725	51317
618727	387
618728	6137
618729	3778
618730	51075
618731	57647
618732	1460
618733	8449
618734	55901
618736	7545
618737	10844
618741	51399
618744	7360
618745	83894
618748	1024
618751	79925
618752	6729
618760	6844
618761	57589
618763	317662
618766	55681
618767	3850
618768	85465
618770	5833
618773	10203
618774	4330
618775	7386
618776	284184
618778	8295
618779	6602
618780	2324
618781	152110
618782	808
618786	23512
618787	5357
618792	7358
618793	1742
618795	144811
618797	253959
618798	200424
618800	54974
618801	54970
618803	22861
618804	23511
618805	26007
618806	8456
618807	4018
618808	20
618810	55210
618811	89874
618820	4659
618821	91461
618822	8087
618823	8087
618824	58494
618825	7204
618826	94137
618827	29894
618828	8405
618829	8405
618830	22871
618832	9739
618835	55278
618838	5188
618839	283459
618840	4047
618841	79625
618845	55191
618846	51780
618847	57591
618848	64208
618849	4194
618850	587
618851	29928
618852	8737
618853	25871
618855	22868
618856	3767
618857	6833
618858	3630
618859	4858
618862	104
618863	91452
618866	100996717
618868	23446
618870	55790
618872	116931
618873	387119
618875	375387
618876	10501
618877	5610
618878	27102
618879	10026
618880	80781
618881	130589
618882	81693
618883	9247
618884	8029
618885	2590
618886	6773
618889	23761
618890	25930
618891	833
618892	1371
618901	7026
618906	26115
618907	5324
618908	8091
618910	55152
618912	6652
618913	137682
618914	23291
618915	4363
618916	23097
618917	2891
618918	4131
618920	1000
618922	2917
618924	6326
618929	1000
618935	79415
618939	84172
618940	10755
618944	3570
618947	1861
618948	55329
618950	55617
618951	6182
618952	51649
618955	9371
618958	28957
618959	4190
618960	51
618961	5331
618963	3458
618969	10625
618970	9699
618971	55553
618972	1468
618973	8884
618974	84148
618975	4654
618977	10939
618982	3071
618983	2525
618985	6777
618986	5880
618987	5880
618992	54344
618998	149041
618999	3716
619000	23067
619003	4716
619004	8567
619005	8567
619007	3419
619009	54766
619011	9319
619012	63899
619013	2193
619016	6720
619024	125170
619025	64432
619026	84842
619027	84842
619028	84274
619030	53632
619031	199857
619033	23019
619036	199857
619040	6840
619041	54809
619042	2617
619044	201134
619046	1352
619048	6341
619051	1340
619052	51204
619053	84987
619054	116228
619055	100131801
619056	9739
619057	55037
619058	28958
619059	1351
619060	1327
619061	84334
619062	1339
619063	100303755
619064	9377
619065	4697
619071	1267
619072	23265
619073	1576
619074	2615
619075	4953
619076	149371
619079	22900
619080	6558
619081	6558
619082	402
619083	6558
619086	79966
619087	5594
619090	22880
619091	4677
619092	4677
619093	9080
619094	146754
619095	1769
619096	4436
619097	2956
619099	9147
619101	5395
619102	22873
619103	10524
619108	130951
619110	29895
619111	57545
619112	26580
619113	23322
619115	1277
619120	1278
619121	6472
619122	10220
619123	90416
619124	2571
619125	90522
619126	54790
619127	10651
619130	64376
619131	11014
619132	1540
619133	7072
619135	57020
619141	899
619142	5566
619143	5567
619144	159686
619145	7516
619146	7516
619147	3735
619149	27161
619150	5138
619151	128
619155	9722
619157	26960
619161	1311
619164	23149
619165	1638
619166	644096
619167	6392
619170	4718
619172	63915
619173	1185
619174	645104
619175	5699
619176	283677
619177	89876
619178	146862
619179	4001
619180	84823
619182	324
619183	56984
619184	222663
619185	23116
619188	23036
619189	55148
619191	84138
619194	9653
619196	3735
619201	55243
619202	317761
619203	317761
619208	64065
619209	64065
619215	57007
619216	64856
619218	2019
619220	7174
619221	58472
619223	219972
619224	6390
619226	1830
619227	51729
619228	6304
619229	6304
619232	570
619234	84265
619238	920
619239	8452
619243	23112
619244	91875
619245	11077
619248	1280
619255	1315
619256	6554
619258	284382
619259	6389
619260	64802
619263	23500
619264	284361
619267	3690
619268	55181
619269	375056
619271	3690
619272	4702
619273	27183
619274	80000
619278	81555
619279	7384
619281	5293
619286	9442
619290	2642
619291	64601
619293	6595
619297	3899
619301	51645
619302	51362
619303	91137
619304	51013
619306	55770
619310	51728
619311	5898
619312	23013
619313	55388
619314	6477
619317	6323
619318	6650
619319	9620
619320	23030
619321	8882
619322	221496
619323	23102
619324	84699
619325	29998
619326	1363
619328	5010
619329	1289
619333	25929
619334	4703
619338	84188
619339	1147
619340	4905
619345	26175
619350	4629
619351	4629
619352	5457
619354	5702
619355	51241
619356	5281
619360	5340
619361	284
619362	25802
619363	3827
619365	10398
619366	26509
619367	64711
619369	285
619371	6123
619373	23154
619374	3937
619375	8651
619376	1984
619377	55898
619379	375307
619380	200162
619381	6850
619382	84277
619383	129285
619386	9054
619389	27072
619396	677814
619398	27178
619401	7075
619402	80206
619405	10531
619406	3773
619407	3579
619418	8565
619420	22930
619422	10533
619423	205327
619424	4633
619425	11232
619426	1642
619428	81603
619431	72
619433	10112
619435	56896
619436	27148
619437	22806
619441	51163
619445	6809
619446	6809
619451	4052
619452	81788
619453	27341
619460	6045
619461	127833
619462	6007
619463	55340
619464	2783
619465	2064
619466	7161
619467	164
619468	254428
619470	84065
619471	26160
619472	10526
619473	100996717
619475	6711
619476	9851
619477	55791
619478	1789
619479	9851
619480	11198
619481	123264
619482	283446
619483	10660
619484	200931
619486	134353
619487	100147744
619488	374879
619489	60676
619491	5660
619492	57158
619493	80267
619500	84173
619501	57498
619503	2783
619504	26057
619510	10043
619512	1182
619515	196385
619517	1182
619518	9453
619519	57863
619521	10021
619522	7750
619523	150274
619525	2542
619527	9562
619528	154197
619531	83723
619534	79989
619538	5290
619539	57479
619542	6261
619543	4883
619548	164
619549	84888
619555	3852
619556	30000
619557	55628
619561	10659
619562	219854
619565	84909
619566	3714
619573	50619
619574	182
619575	57551
619576	56915
619580	2898
619582	80173
619585	80173
619588	3852
619593	55229
619594	3852
619595	10847
619599	3852
619602	477
619603	84520
619605	477
619606	478
619607	146845
619608	25790
619609	79693
619611	653509
619613	55366
619614	80201
619615	79029
619616	79029
619621	5297
619630	30009
619632	29775
619636	5593
619637	55823
619638	5593
619639	9354
619641	54828
619643	431705
619644	57169
619645	145645
619646	283847
619647	111
619648	79971
619651	111
619652	5966
619653	7143
619656	4087
619657	4087
619658	54532
619661	16
619662	113220
619665	23514
619672	10734
619673	285498
619680	5575
619681	518
619685	55610
619686	81790
619687	5610
619688	55182
619689	140801
619690	5934
619691	16
619692	4141
619693	7922
619694	92255
619695	7468
619696	286151
619697	286151
619698	153642
619699	51434
619701	55753
619702	100128908
619705	96459
619707	6688
619708	5297
619712	144132
619714	3703
619717	51126
619718	6938
619719	10060
619720	3020
619721	3021
619724	3781
619725	3781
619727	79639
619733	311
619735	7920
619736	1009
619737	9692
619738	10352
619742	55703
619743	5442
619745	200734
619747	9529
619750	3572
619751	3572
619752	3572
619755	4808
619758	8364
619759	8363
619761	59336
619762	8314
619764	10516
619767	6117
619769	51341
619773	64135
619774	3978
619775	4123
619777	23219
619780	3980
619781	84695
619783	3909
619784	3909
619785	3918
619786	3918
619787	1308
619789	29127
619790	353116
619793	4000
619795	79879
619797	9759
619799	11055
619802	5294
619803	84660
619804	491
619805	151254
619806	219285
619808	4131
619810	23250
619812	54872
619813	81570
619814	2902
619816	3691
619817	3655
619824	6929
619825	79875
619826	199720
619827	55367
619828	5161
619831	125150
619832	79188
619833	4897
619834	125150
619835	81570
619836	335
619840	51807
619841	9578
619844	318
619845	57545
619846	56259
619847	1841
619849	84936
619851	23250
619854	2770
619855	1733
619858	1777
619859	10606
619862	10935
619864	8789
619867	57728
619868	4645
619869	8550
619871	10935
619872	10621
619873	26038
619874	8482
619876	51692
619877	116115
619878	54456
619879	79770
619880	56098
619881	10991
619884	9276
619887	2674
619895	23007
619897	442721
619902	7289
619903	8884
619908	7074
619909	59336
619910	490
619911	4929
619913	3747
619921	55164
619922	55164
619924	5788
619927	2890
619931	2890
619934	9757
619935	3454
619937	4439
619938	4438
619941	101929726
619947	4254
619949	158401
619950	8367
619951	8294
619955	5361
619957	1000
619959	10054
619964	10565
619966	57156
619967	9200
619970	535
619971	535
619972	129685
619975	8930
619977	7123
619981	56992
619983	283987
619985	497661
619986	90268
619988	9731
619989	55623
619991	54914
619995	56006
620001	84081
620005	5557
620007	203190
620009	26276
620010	26276
620011	65055
620012	55294
620014	29969
620015	8914
620019	4233
620021	118987
620022	1299
620023	1119
620024	8496
620025	8854
620027	7109
620028	55325
620029	775
620032	8382
620033	63908
620038	5689
620040	7298
620044	1854
620045	55107
620047	10015
620049	3911
620056	29880
620062	1802
620065	22859
620066	83475
620067	171019
620068	9990
620070	51611
620071	5700
620072	55027
620073	10236
620075	10430
620076	3911
620080	11117
620083	3187
620084	91057
620085	506
620086	92154
620089	3954
620094	84978
620098	3720
620099	865
620102	84839
620103	8468
620104	80320
620106	3839
620107	79005
620111	3710
620113	118924
620114	8911
620115	23031
620116	345275
620121	654
620125	6338
620126	6340
620133	64858
620135	4713
620137	7388
620138	90523
620139	132001
620141	10093
620145	51343
620148	3848
620149	781
620150	3858
620152	58528
620153	338657
620154	678
620155	29072
620156	26153
620157	29072
620158	4884
620161	7125
620166	9570
620167	54675
620170	80726
620173	54084
620174	2259
620177	79669
620183	699
620184	55719
620185	23137
620186	8085
620189	8379
620191	283209
620192	2261
620193	2255
620194	79759
620196	157855
620197	85452
620198	7234
620199	84946
620200	51608
620201	819
620203	439
620207	9780
620208	267010
620210	8883
620211	55186
620221	7345
620222	92749
620224	80036
620227	84196
620228	6295
620231	6508
620232	4773
620233	10551
620235	84033
620236	54800
620237	55717
620238	100127206
620240	2801
620241	6599
620242	10079
620243	81615
620244	55901
620245	256472
620246	779
620247	7716
620249	84466
620250	283450
620253	80036
620265	58
620269	347734
620270	9690
620275	1353
620276	991
620277	64518
620278	58
620280	9984
620281	5298
620282	3604
620283	284656
620284	474
620285	10558
620286	4151
620292	26523
620294	23129
620296	3055
620300	3032
620303	6091
620305	6091
620306	1317
620310	6263
620311	8626
620312	8892
620313	8891
620314	8890
620315	8893
620316	157922
620317	7453
620319	402569
620320	1285
620321	713
620322	714
620323	4141
620326	11080
620327	400569
620330	64864
620331	91039
620332	55655
620333	126206
620342	9094
620343	51684
620344	388531
620351	6329
620352	1759
620353	10566
620354	7802
620356	56171
620357	51703
620358	498
620359	539
620364	2683
620365	92345
620366	6522
620367	25913
620368	25913
620369	6329
620370	5965
620371	90952
620372	10861
620374	27199
620375	3156
620376	4067
620379	267
620383	4342
620384	23250
620393	7175
